-- phpMyAdmin SQL Dump
-- version 4.7.9
-- https://www.phpmyadmin.net/
--
-- Host: 127.0.0.1:3306
-- Generation Time: May 21, 2019 at 09:02 PM
-- Server version: 5.7.21
-- PHP Version: 5.6.35

SET SQL_MODE = "NO_AUTO_VALUE_ON_ZERO";
SET AUTOCOMMIT = 0;
START TRANSACTION;
SET time_zone = "+00:00";


/*!40101 SET @OLD_CHARACTER_SET_CLIENT=@@CHARACTER_SET_CLIENT */;
/*!40101 SET @OLD_CHARACTER_SET_RESULTS=@@CHARACTER_SET_RESULTS */;
/*!40101 SET @OLD_COLLATION_CONNECTION=@@COLLATION_CONNECTION */;
/*!40101 SET NAMES utf8mb4 */;

--
-- Database: `mrc`
--

-- --------------------------------------------------------

--
-- Table structure for table `address`
--

DROP TABLE IF EXISTS `address`;
CREATE TABLE IF NOT EXISTS `address` (
  `id` int(255) NOT NULL AUTO_INCREMENT,
  `name` varchar(255) NOT NULL,
  `pid` int(255) NOT NULL,
  PRIMARY KEY (`id`),
  KEY `parentid` (`pid`)
) ENGINE=InnoDB AUTO_INCREMENT=6 DEFAULT CHARSET=latin1;

--
-- Dumping data for table `address`
--

INSERT INTO `address` (`id`, `name`, `pid`) VALUES
(0, 'Country', 1),
(1, 'Egypt', 0),
(2, 'Cairo', 1),
(4, 'Alex', 1),
(5, 'England', 0);

-- --------------------------------------------------------

--
-- Table structure for table `invoice`
--

DROP TABLE IF EXISTS `invoice`;
CREATE TABLE IF NOT EXISTS `invoice` (
  `id` int(255) NOT NULL AUTO_INCREMENT,
  `uid` int(255) NOT NULL,
  `radid` int(255) NOT NULL,
  `ispaid` tinyint(1) NOT NULL DEFAULT '0',
  PRIMARY KEY (`id`),
  KEY `userid` (`uid`),
  KEY `rad` (`radid`)
) ENGINE=InnoDB AUTO_INCREMENT=19 DEFAULT CHARSET=latin1;

--
-- Dumping data for table `invoice`
--

INSERT INTO `invoice` (`id`, `uid`, `radid`, `ispaid`) VALUES
(4, 3, 2, 1),
(5, 3, 4, 1),
(10, 1, 4, 0),
(11, 1, 2, 0),
(12, 1, 1, 0),
(13, 1, 3, 0),
(14, 1, 1, 0),
(15, 3, 1, 1),
(16, 3, 1, 0),
(17, 3, 6, 0),
(18, 16, 1, 0);

-- --------------------------------------------------------

--
-- Table structure for table `links`
--

DROP TABLE IF EXISTS `links`;
CREATE TABLE IF NOT EXISTS `links` (
  `id` int(255) NOT NULL AUTO_INCREMENT,
  `linkname` varchar(255) NOT NULL,
  `physicallink` varchar(255) NOT NULL,
  `isdeleted` varchar(255) NOT NULL DEFAULT 'false',
  PRIMARY KEY (`id`)
) ENGINE=InnoDB AUTO_INCREMENT=6 DEFAULT CHARSET=latin1;

--
-- Dumping data for table `links`
--

INSERT INTO `links` (`id`, `linkname`, `physicallink`, `isdeleted`) VALUES
(1, 'RESERVATION', 'reservation.php', 'false'),
(2, 'ADMIN PANEL', 'adminPanel.php', 'false'),
(3, 'DOCTOR', 'doctorPanel.php', 'false'),
(4, 'SINGLETON', 'text', '1'),
(5, 'RECEPTIONIST', 'reception.php', 'false');

-- --------------------------------------------------------

--
-- Table structure for table `notification`
--

DROP TABLE IF EXISTS `notification`;
CREATE TABLE IF NOT EXISTS `notification` (
  `id` int(255) NOT NULL AUTO_INCREMENT,
  `SenderID` int(90) NOT NULL,
  PRIMARY KEY (`id`),
  KEY `SID` (`SenderID`)
) ENGINE=InnoDB AUTO_INCREMENT=57 DEFAULT CHARSET=latin1;

--
-- Dumping data for table `notification`
--

INSERT INTO `notification` (`id`, `SenderID`) VALUES
(32, 1),
(33, 1),
(34, 1),
(35, 1),
(36, 1),
(37, 1),
(38, 1),
(39, 1),
(42, 1),
(30, 3),
(31, 3),
(51, 3),
(52, 3),
(55, 3),
(40, 5),
(41, 5),
(43, 5),
(44, 5),
(45, 5),
(46, 5),
(47, 5),
(48, 5),
(49, 5),
(50, 5),
(53, 8),
(54, 8),
(56, 16);

-- --------------------------------------------------------

--
-- Table structure for table `notifications`
--

DROP TABLE IF EXISTS `notifications`;
CREATE TABLE IF NOT EXISTS `notifications` (
  `id` int(11) NOT NULL AUTO_INCREMENT,
  `uid` int(90) NOT NULL,
  `patid` int(90) NOT NULL,
  `resid` int(90) DEFAULT NULL,
  `reportid` int(90) DEFAULT NULL,
  `isviewed` tinyint(1) NOT NULL DEFAULT '0',
  PRIMARY KEY (`id`),
  KEY `user` (`uid`),
  KEY `resid` (`resid`),
  KEY `repid` (`reportid`),
  KEY `pid` (`patid`)
) ENGINE=InnoDB DEFAULT CHARSET=latin1;

-- --------------------------------------------------------

--
-- Table structure for table `patientreport`
--

DROP TABLE IF EXISTS `patientreport`;
CREATE TABLE IF NOT EXISTS `patientreport` (
  `id` int(255) NOT NULL AUTO_INCREMENT,
  `docid` int(255) NOT NULL,
  `patid` int(255) NOT NULL,
  `radid` int(255) NOT NULL,
  `technique` varchar(255) NOT NULL,
  `findings` varchar(255) NOT NULL,
  `opinion` varchar(255) NOT NULL,
  `isdeleted` varchar(50) NOT NULL,
  `date` timestamp NOT NULL DEFAULT CURRENT_TIMESTAMP,
  PRIMARY KEY (`id`),
  KEY `docid` (`docid`),
  KEY `patid` (`patid`),
  KEY `radid` (`radid`)
) ENGINE=InnoDB AUTO_INCREMENT=28 DEFAULT CHARSET=latin1;

--
-- Dumping data for table `patientreport`
--

INSERT INTO `patientreport` (`id`, `docid`, `patid`, `radid`, `technique`, `findings`, `opinion`, `isdeleted`, `date`) VALUES
(23, 5, 1, 2, 'test', 'test', 'test', 'false', '2019-05-19 02:56:08'),
(24, 5, 1, 3, 'testtte', 'test', 'test', 'false', '2019-05-19 02:58:43'),
(25, 5, 1, 4, 'test', 'ewedwe', 'hdewjfker', 'false', '2019-05-19 21:18:54'),
(26, 5, 1, 1, 'asd', '/sad', '/', 'false', '2019-05-19 21:19:44'),
(27, 8, 1, 1, 'tech', 'find', 'opio', 'false', '2019-05-20 07:57:13');

-- --------------------------------------------------------

--
-- Table structure for table `radiology`
--

DROP TABLE IF EXISTS `radiology`;
CREATE TABLE IF NOT EXISTS `radiology` (
  `ID` int(255) NOT NULL AUTO_INCREMENT,
  `Name` varchar(255) NOT NULL,
  `price` int(255) NOT NULL,
  `isdeleted` varchar(255) NOT NULL DEFAULT 'false',
  PRIMARY KEY (`ID`)
) ENGINE=InnoDB AUTO_INCREMENT=7 DEFAULT CHARSET=latin1;

--
-- Dumping data for table `radiology`
--

INSERT INTO `radiology` (`ID`, `Name`, `price`, `isdeleted`) VALUES
(1, 'PET', 300, 'false'),
(2, 'CT', 100, 'false'),
(3, 'XRay', 150, 'false'),
(4, 'UV-Ray', 400, 'false'),
(5, 'Singleeton', 150, 'true'),
(6, 'asd', 1000, 'false');

-- --------------------------------------------------------

--
-- Table structure for table `recievednoti`
--

DROP TABLE IF EXISTS `recievednoti`;
CREATE TABLE IF NOT EXISTS `recievednoti` (
  `id` int(90) NOT NULL AUTO_INCREMENT,
  `nid` int(90) NOT NULL,
  `recieverID` int(90) NOT NULL,
  `isviewed` tinyint(1) NOT NULL DEFAULT '0',
  PRIMARY KEY (`id`),
  KEY `nid` (`nid`),
  KEY `rid` (`recieverID`)
) ENGINE=InnoDB AUTO_INCREMENT=51 DEFAULT CHARSET=latin1;

--
-- Dumping data for table `recievednoti`
--

INSERT INTO `recievednoti` (`id`, `nid`, `recieverID`, `isviewed`) VALUES
(24, 30, 8, 1),
(25, 31, 8, 1),
(26, 32, 5, 1),
(27, 33, 5, 1),
(28, 34, 5, 1),
(29, 35, 5, 1),
(30, 36, 5, 1),
(31, 37, 8, 1),
(32, 38, 5, 1),
(33, 39, 5, 1),
(34, 40, 1, 1),
(35, 41, 1, 1),
(36, 42, 8, 1),
(37, 43, 1, 0),
(38, 44, 1, 0),
(39, 45, 1, 0),
(40, 46, 1, 0),
(41, 47, 1, 0),
(42, 48, 1, 0),
(43, 49, 1, 0),
(44, 50, 1, 0),
(45, 51, 8, 1),
(46, 52, 5, 0),
(47, 53, 1, 0),
(48, 54, 1, 0),
(49, 55, 5, 0),
(50, 56, 5, 0);

-- --------------------------------------------------------

--
-- Table structure for table `reservationdetails`
--

DROP TABLE IF EXISTS `reservationdetails`;
CREATE TABLE IF NOT EXISTS `reservationdetails` (
  `ID` int(255) NOT NULL AUTO_INCREMENT,
  `ReserveID` int(255) NOT NULL,
  `RadiologyID` int(255) NOT NULL,
  `quantity` int(255) NOT NULL,
  `isdeleted` varchar(255) NOT NULL DEFAULT 'false',
  PRIMARY KEY (`ID`),
  KEY `RID` (`ReserveID`),
  KEY `PID` (`RadiologyID`)
) ENGINE=InnoDB AUTO_INCREMENT=79 DEFAULT CHARSET=latin1;

--
-- Dumping data for table `reservationdetails`
--

INSERT INTO `reservationdetails` (`ID`, `ReserveID`, `RadiologyID`, `quantity`, `isdeleted`) VALUES
(64, 79, 2, 1, 'false'),
(65, 80, 4, 1, 'false'),
(70, 85, 4, 1, 'false'),
(71, 86, 2, 1, 'false'),
(72, 87, 1, 1, 'false'),
(73, 88, 3, 1, 'false'),
(74, 89, 1, 1, 'false'),
(75, 90, 1, 1, 'false'),
(76, 91, 1, 1, 'false'),
(77, 92, 6, 1, 'false'),
(78, 93, 1, 1, 'false');

-- --------------------------------------------------------

--
-- Table structure for table `reserve`
--

DROP TABLE IF EXISTS `reserve`;
CREATE TABLE IF NOT EXISTS `reserve` (
  `ID` int(255) NOT NULL AUTO_INCREMENT,
  `PatientID` int(255) NOT NULL,
  `DoctorID` int(255) NOT NULL,
  `Date` datetime(6) NOT NULL,
  `isdeleted` varchar(255) NOT NULL DEFAULT 'false',
  `isviewed` tinyint(1) NOT NULL DEFAULT '0',
  PRIMARY KEY (`ID`),
  KEY `PID` (`PatientID`),
  KEY `DID` (`DoctorID`)
) ENGINE=InnoDB AUTO_INCREMENT=94 DEFAULT CHARSET=latin1;

--
-- Dumping data for table `reserve`
--

INSERT INTO `reserve` (`ID`, `PatientID`, `DoctorID`, `Date`, `isdeleted`, `isviewed`) VALUES
(79, 3, 8, '2020-01-31 12:58:00.000000', 'true', 0),
(80, 3, 8, '2020-03-02 12:58:00.000000', 'true', 0),
(85, 1, 5, '2019-08-01 01:00:00.000000', 'false', 0),
(86, 1, 8, '2019-08-02 13:30:00.000000', 'false', 0),
(87, 1, 5, '2020-08-02 03:30:00.000000', 'false', 0),
(88, 1, 5, '2020-09-18 04:30:00.000000', 'false', 0),
(89, 1, 8, '2019-07-07 13:30:00.000000', 'false', 0),
(90, 3, 8, '2020-06-02 01:00:00.000000', 'true', 0),
(91, 3, 5, '2019-06-05 06:50:00.000000', 'false', 0),
(92, 3, 5, '2020-01-01 00:50:00.000000', 'false', 0),
(93, 16, 5, '2019-07-31 01:50:00.000000', 'false', 0);

-- --------------------------------------------------------

--
-- Table structure for table `schedule`
--

DROP TABLE IF EXISTS `schedule`;
CREATE TABLE IF NOT EXISTS `schedule` (
  `id` int(11) NOT NULL AUTO_INCREMENT,
  `StartTime` time NOT NULL,
  `EndTime` time NOT NULL,
  `DocId` int(255) NOT NULL,
  `isdeleted` varchar(255) NOT NULL,
  PRIMARY KEY (`id`),
  KEY `DocId` (`DocId`)
) ENGINE=InnoDB AUTO_INCREMENT=3 DEFAULT CHARSET=latin1;

--
-- Dumping data for table `schedule`
--

INSERT INTO `schedule` (`id`, `StartTime`, `EndTime`, `DocId`, `isdeleted`) VALUES
(1, '00:00:00', '12:00:00', 5, 'false'),
(2, '00:00:00', '12:00:59', 8, 'false');

-- --------------------------------------------------------

--
-- Table structure for table `static`
--

DROP TABLE IF EXISTS `static`;
CREATE TABLE IF NOT EXISTS `static` (
  `id` int(11) NOT NULL AUTO_INCREMENT,
  `content` varchar(60000) NOT NULL,
  PRIMARY KEY (`id`)
) ENGINE=MyISAM AUTO_INCREMENT=2 DEFAULT CHARSET=latin1;

--
-- Dumping data for table `static`
--

INSERT INTO `static` (`id`, `content`) VALUES
(1, '<!-- Required Meta Tags --><meta charset=\"UTF-8\"><meta name=\"viewport\" content=\"width=device-width, initial-scale=1.0\"><meta http-equiv=\"X-UA-Compatible\" content=\"ie=edge\"><!-- Page Title -->\r\n<title></title>\r\n<!-- Favicon -->\r\n<link href=\"assets/images/logo/favicon.png\" rel=\"shortcut icon\" type=\"image/x-icon\" /><!-- CSS Files -->\r\n<link href=\"assets/css/animate-3.7.0.css\" rel=\"stylesheet\" />\r\n<link href=\"assets/css/font-awesome-4.7.0.min.css\" rel=\"stylesheet\" />\r\n<link href=\"assets/css/bootstrap-4.1.3.min.css\" rel=\"stylesheet\" />\r\n<link href=\"assets/css/owl-carousel.min.css\" rel=\"stylesheet\" />\r\n<link href=\"assets/css/jquery.datetimepicker.min.css\" rel=\"stylesheet\" />\r\n<link href=\"assets/css/linearicons.css\" rel=\"stylesheet\" />\r\n<link href=\"assets/css/style.css\" rel=\"stylesheet\" /><!-- Preloader Starts --><!-- Preloader End --><!-- Header Area Starts -->\r\n<header class=\"header-area\">\r\n<div class=\"header-top\">\r\n<div class=\"container\">\r\n<div class=\"row\">\r\n<div class=\"col-lg-9 d-md-flex\">\r\n<h6 class=\"mr-3\">call us now! +1 305 708 2563</h6>\r\n\r\n<h6 class=\"mr-3\">medical@example.com</h6>\r\n\r\n<h6>Find our Location</h6>\r\n</div>\r\n\r\n<div class=\"col-lg-3\">\r\n<div class=\"social-links\">\r\n<ul>\r\n	<li>&nbsp;</li>\r\n	<li>&nbsp;</li>\r\n	<li>&nbsp;</li>\r\n	<li>&nbsp;</li>\r\n	<li>&nbsp;</li>\r\n</ul>\r\n</div>\r\n</div>\r\n</div>\r\n</div>\r\n</div>\r\n\r\n<div id=\"header\">\r\n<div class=\"container\">\r\n<div class=\"row align-items-center justify-content-between d-flex\">\r\n<div id=\"logo\"><a href=\"index.html\"><img alt=\"\" src=\"assets/images/logo/logo.png\" title=\"\" /></a></div>\r\n\r\n<nav id=\"nav-menu-container\">\r\n<ul class=\"nav-menu\">\r\n	<li class=\"menu-active\"><a href=\"index.html\">Home</a></li>\r\n	<li><a href=\"departments.html\">departments</a></li>\r\n	<li><a href=\"doctors.html\">doctors</a></li>\r\n	<li class=\"menu-has-children\"><a href=\"\">Pages</a>\r\n	<ul>\r\n		<li><a href=\"about.html\">about us</a></li>\r\n		<li><a href=\"elements.html\">elements</a></li>\r\n	</ul>\r\n	</li>\r\n	<li class=\"menu-has-children\"><a href=\"\">blog</a>\r\n	<ul>\r\n		<li><a href=\"blog-home.html\">blog home</a></li>\r\n		<li><a href=\"blog-details.html\">blog details</a></li>\r\n	</ul>\r\n	</li>\r\n	<li><a href=\"contact.html\">Contact</a></li>\r\n</ul>\r\n</nav>\r\n<!-- #nav-menu-container --></div>\r\n</div>\r\n</div>\r\n</header>\r\n<!-- Header Area End --><!-- Banner Area Starts -->\r\n\r\n<section class=\"banner-area other-page\">\r\n<div class=\"container\">\r\n<div class=\"row\">\r\n<div class=\"col-lg-12\">\r\n<h1>about Us</h1>\r\n<a href=\"index.html\">Home</a> <span>|</span> <a href=\"about.html\">About Us</a></div>\r\n</div>\r\n</div>\r\n</section>\r\n<!-- Banner Area End --><!-- Welcome Area Starts -->\r\n\r\n<section class=\"welcome-area section-padding\">\r\n<div class=\"container\">\r\n<div class=\"row\">\r\n<div class=\"col-lg-5 align-self-center\">\r\n<div class=\"welcome-img\"><img alt=\"\" src=\"assets/images/welcome.png\" /></div>\r\n</div>\r\n\r\n<div class=\"col-lg-7\">\r\n<div class=\"welcome-text mt-5 mt-lg-0\">\r\n<h2>Welcome to our clinic</h2>\r\n\r\n<p class=\"pt-3\">Subdue whales void god which living don&#39;t midst lesser yielding over lights whose. Cattle greater brought sixth fly den dry good tree isn&#39;t seed stars were.</p>\r\n\r\n<p>Subdue whales void god which living don&#39;t midst lesser yielding over lights whose. Cattle greater brought sixth fly den dry good tree isn&#39;t seed stars were the boring.</p>\r\n<a class=\"template-btn mt-3\" href=\"#\">learn more</a></div>\r\n</div>\r\n</div>\r\n</div>\r\n</section>\r\n<!-- Welcome Area End --><!-- Patient Area Starts -->\r\n\r\n<section class=\"patient-area section-padding3\">\r\n<div class=\"container\">\r\n<div class=\"row\">\r\n<div class=\"col-lg-6 offset-lg-3\">\r\n<div class=\"section-top text-center\">\r\n<h2>Patient are saying</h2>\r\n\r\n<p>Green above he cattle god saw day multiply under fill in the cattle fowl a all, living, tree word link available in the service for subdue fruit.</p>\r\n</div>\r\n</div>\r\n</div>\r\n\r\n<div class=\"row\">\r\n<div class=\"col-lg-5\">\r\n<div class=\"single-patient mb-4\"><img alt=\"\" src=\"assets/images/patient1.png\" />\r\n<h3>daren jhonson</h3>\r\n\r\n<h5>hp specialist</h5>\r\n\r\n<p class=\"pt-3\">Elementum libero hac leo integer. Risus hac road parturient feugiat. Litora cursus hendrerit bib elit Tempus inceptos posuere metus.</p>\r\n</div>\r\n\r\n<div class=\"single-patient\"><img alt=\"\" src=\"assets/images/patient2.png\" />\r\n<h3>black heiden</h3>\r\n\r\n<h5>hp specialist</h5>\r\n\r\n<p class=\"pt-3\">Elementum libero hac leo integer. Risus hac road parturient feugiat. Litora cursus hendrerit bib elit Tempus inceptos posuere metus.</p>\r\n</div>\r\n</div>\r\n\r\n<div class=\"col-lg-5 offset-lg-1 align-self-center\">\r\n<div class=\"appointment-form text-center mt-5 mt-lg-0\">\r\n<h3 class=\"mb-5\">appointment now</h3>\r\n\r\n<form action=\"#\">\r\n<div class=\"form-group\"><input onblur=\"this.placeholder = \'Your Name\'\" onfocus=\"this.placeholder = \'\'\" placeholder=\"Your Name\" required=\"\" type=\"text\" /></div>\r\n\r\n<div class=\"form-group\"><input onblur=\"this.placeholder = \'Your Email\'\" onfocus=\"this.placeholder = \'\'\" placeholder=\"Your Email\" required=\"\" type=\"email\" /></div>\r\n\r\n<div class=\"form-group\"><input id=\"datepicker\" onblur=\"this.placeholder = \'Date\'\" onfocus=\"this.placeholder = \'\'\" placeholder=\"Date\" required=\"\" type=\"text\" /></div>\r\n\r\n<div class=\"form-group\"><textarea cols=\"20\" name=\"message\" onblur=\"this.placeholder = \'Message\'\" onfocus=\"this.placeholder = \'\'\" placeholder=\"Message\" required=\"\" rows=\"7\"></textarea></div>\r\n<a class=\"template-btn\" href=\"#\">appointment now</a></form>\r\n</div>\r\n</div>\r\n</div>\r\n</div>\r\n</section>\r\n<!-- Patient Area Starts --><!-- Footer Area Starts -->\r\n\r\n<footer class=\"footer-area section-padding\">\r\n<div class=\"footer-widget\">\r\n<div class=\"container\">\r\n<div class=\"row\">\r\n<div class=\"col-xl-2 col-lg-3\">\r\n<div class=\"single-widget-home mb-5 mb-lg-0\">\r\n<h3 class=\"mb-4\">top products</h3>\r\n\r\n<ul>\r\n	<li class=\"mb-2\"><a href=\"#\">managed website</a></li>\r\n	<li class=\"mb-2\"><a href=\"#\">managed reputation</a></li>\r\n	<li class=\"mb-2\"><a href=\"#\">power tools</a></li>\r\n	<li><a href=\"#\">marketing service</a></li>\r\n</ul>\r\n</div>\r\n</div>\r\n\r\n<div class=\"col-xl-5 offset-xl-1 col-lg-6\">\r\n<div class=\"single-widget-home mb-5 mb-lg-0\">\r\n<h3 class=\"mb-4\">newsletter</h3>\r\n\r\n<p class=\"mb-4\">You can trust us. we only send promo offers, not a single.</p>\r\n\r\n<form action=\"#\"><input onblur=\"this.placeholder = \'Your email here\'\" onfocus=\"this.placeholder = \'\'\" placeholder=\"Your email here\" required=\"\" type=\"email\" /><button class=\"template-btn\" type=\"submit\">subscribe now</button></form>\r\n</div>\r\n</div>\r\n\r\n<div class=\"col-xl-3 offset-xl-1 col-lg-3\">\r\n<div class=\"single-widge-home\">\r\n<h3 class=\"mb-4\">instagram feed</h3>\r\n\r\n<div class=\"feed\"><img alt=\"feed\" src=\"assets/images/feed1.jpg\" /> <img alt=\"feed\" src=\"assets/images/feed2.jpg\" /> <img alt=\"feed\" src=\"assets/images/feed3.jpg\" /> <img alt=\"feed\" src=\"assets/images/feed4.jpg\" /> <img alt=\"feed\" src=\"assets/images/feed5.jpg\" /> <img alt=\"feed\" src=\"assets/images/feed6.jpg\" /> <img alt=\"feed\" src=\"assets/images/feed7.jpg\" /> <img alt=\"feed\" src=\"assets/images/feed8.jpg\" /></div>\r\n</div>\r\n</div>\r\n</div>\r\n</div>\r\n</div>\r\n\r\n<div class=\"footer-copyright\">\r\n<div class=\"container\">\r\n<div class=\"row\">\r\n<div class=\"col-lg-8 col-md-6\"><span><!-- Link back to Colorlib can\'t be removed. Template is licensed under CC BY 3.0. --> Copyright &copy;<script>document.write(new Date().getFullYear());</script> All rights reserved | This template is made with by <a href=\"https://colorlib.com\" target=\"_blank\">Colorlib</a> <!-- Link back to Colorlib can\'t be removed. Template is licensed under CC BY 3.0. --> </span></div>\r\n\r\n<div class=\"col-lg-4 col-md-6\">\r\n<div class=\"social-icons\">\r\n<ul>\r\n	<li>&nbsp;</li>\r\n	<li>&nbsp;</li>\r\n	<li>&nbsp;</li>\r\n	<li>&nbsp;</li>\r\n</ul>\r\n</div>\r\n</div>\r\n</div>\r\n</div>\r\n</div>\r\n</footer>\r\n<!-- Footer Area End --><!-- Javascript --><script src=\"assets/js/vendor/jquery-2.2.4.min.js\"></script><script src=\"assets/js/vendor/bootstrap-4.1.3.min.js\"></script><script src=\"assets/js/vendor/wow.min.js\"></script><script src=\"assets/js/vendor/owl-carousel.min.js\"></script><script src=\"assets/js/vendor/jquery.datetimepicker.full.min.js\"></script><script src=\"assets/js/vendor/jquery.nice-select.min.js\"></script><script src=\"assets/js/vendor/superfish.min.js\"></script><script src=\"assets/js/main.js\"></script>');

-- --------------------------------------------------------

--
-- Table structure for table `user`
--

DROP TABLE IF EXISTS `user`;
CREATE TABLE IF NOT EXISTS `user` (
  `id` int(255) NOT NULL AUTO_INCREMENT,
  `firstname` varchar(255) NOT NULL,
  `lastname` varchar(255) NOT NULL,
  `email` varchar(255) NOT NULL,
  `socialnumber` varchar(255) NOT NULL,
  `password` varchar(255) NOT NULL,
  `usertypeid` int(255) NOT NULL,
  `username` varchar(255) NOT NULL,
  `dob` date NOT NULL,
  `addressid` int(255) NOT NULL,
  `gender` varchar(255) NOT NULL,
  `isdeleted` varchar(255) NOT NULL DEFAULT 'false',
  PRIMARY KEY (`id`),
  KEY `addressid` (`addressid`),
  KEY `UTID` (`usertypeid`)
) ENGINE=InnoDB AUTO_INCREMENT=1021 DEFAULT CHARSET=latin1;

--
-- Dumping data for table `user`
--

INSERT INTO `user` (`id`, `firstname`, `lastname`, `email`, `socialnumber`, `password`, `usertypeid`, `username`, `dob`, `addressid`, `gender`, `isdeleted`) VALUES
(1, 'Mohamedd', 'Radrod', 'reda@reda.com', '12345566778899', '40bd001563085fc35165329ea1ff5c5ecbdbbeef', 2, 'Mreda', '1998-09-23', 2, 'male', 'false'),
(2, 'Sherif', 'Nayad', 'Email@email.com', '99887766654321', 'd033e22ae348aeb5660fc2140aec35850c4da997', 1, 'admin', '1998-10-25', 2, 'male', 'false'),
(3, 'Omar', 'Anas', 'Email@email.com', '123431', '40bd001563085fc35165329ea1ff5c5ecbdbbeef', 2, 'oanas', '1997-11-29', 2, 'male', 'false'),
(4, 'Alley', 'Dorry', 'Email@email.com', '748394827', '40bd001563085fc35165329ea1ff5c5ecbdbbeef', 2, 'Dorry3', '1997-09-22', 2, 'male', 'false'),
(5, 'Mohamed', 'Abo El Rejal', 'Email@email.com', '134983', '40bd001563085fc35165329ea1ff5c5ecbdbbeef', 3, 'MA', '2010-02-13', 2, 'male', 'false'),
(6, 'Ahmed', 'Reda', 'Email@email.com', '123431', '40bd001563085fc35165329ea1ff5c5ecbdbbeef', 2, 'areda', '1996-03-04', 2, 'male', 'false'),
(8, 'Sherif', 'Dorry', 'email@email.com', '87654131', '40bd001563085fc35165329ea1ff5c5ecbdbbeef', 3, 'sdorry', '1992-01-01', 4, 'male', 'false'),
(11, 'pro', 'pro', 'pro@pro.com', '134543', '40bd001563085fc35165329ea1ff5c5ecbdbbeef', 2, 'pro', '1990-01-01', 4, 'male', 'false'),
(13, 'Nour', 'Nour', 'Email@email.com', '13431', '40bd001563085fc35165329ea1ff5c5ecbdbbeef', 2, 'NA', '2004-09-28', 2, 'male', 'true'),
(15, 'omarr', 'anass', 'Email@email.com', '12345678901234', '40bd001563085fc35165329ea1ff5c5ecbdbbeef', 2, 'Omar_Anas', '2019-12-31', 4, 'male', 'false'),
(16, 'Omar', 'Anas 2', 'Email@email.com', '12343', '40bd001563085fc35165329ea1ff5c5ecbdbbeef', 2, 'OA2', '2017-12-30', 4, 'male', 'false'),
(19, 'Singleton', 'Dude', 'Email@email.com', '123431', '40bd001563085fc35165329ea1ff5c5ecbdbbeef', 2, 'TEST', '1997-03-03', 2, 'male', 'false'),
(20, 'Harry', 'Kane', 'Email@email.com', '1343', '40bd001563085fc35165329ea1ff5c5ecbdbbeef', 10, 'HJ', '1980-01-01', 4, 'female', 'false'),
(21, 'omar', 'atef', 'omaratef@email.com', '12416774602366', '40bd001563085fc35165329ea1ff5c5ecbdbbeef', 2, 'omar_atef', '1996-02-17', 2, 'Male', 'false'),
(22, 'Gena', 'Brambell', 'gbrambell1@epa.gov', '49740154173734', 'BHPqlMlS3Ip', 2, 'gbrambell1', '1999-09-07', 2, 'Female', 'false'),
(23, 'Rivkah', 'Portt', 'rportt2@prnewswire.com', '96352627666516', 'mXpWvSO2g', 2, 'rportt2', '1994-03-28', 2, 'Female', 'false'),
(24, 'Lucius', 'Fumagallo', 'lfumagallo3@cornell.edu', '55261383951892', 'n7djOtG99zJ', 2, 'lfumagallo3', '1997-07-29', 2, 'Male', 'false'),
(25, 'Elsey', 'Heintz', 'eheintz4@dyndns.org', '20169168246125', 'v3TFyxzh', 1, 'eheintz4', '1992-08-04', 2, 'Female', 'false'),
(26, 'Cassie', 'Isoldi', 'cisoldi5@g.co', '91824697464729', 'NmZz22M', 2, 'cisoldi5', '1997-06-09', 2, 'Female', 'false'),
(27, 'Ringo', 'Sorensen', 'rsorensen6@smugmug.com', '69279026559088', 'AtkuSJXWS4', 2, 'rsorensen6', '1993-06-11', 2, 'Male', 'false'),
(28, 'Hieronymus', 'Whistance', 'hwhistance7@gov.uk', '88315106251529', 'npszr7c0ZLy', 1, 'hwhistance7', '1991-02-15', 2, 'Male', 'false'),
(29, 'Burton', 'Hairyes', 'bhairyes8@so-net.ne.jp', '68721644131574', 'Xsq5laFIJhc', 2, 'bhairyes8', '1997-06-06', 2, 'Male', 'false'),
(30, 'Eldon', 'Staveley', 'estaveley9@msu.edu', '20801763643833', 'sXJfGwTBq', 1, 'estaveley9', '1993-04-16', 2, 'Male', 'false'),
(31, 'Alberto', 'Robken', 'arobkena@howstuffworks.com', '16584613235225', 'gGn0PMVnLMOr', 1, 'arobkena', '1999-08-27', 2, 'Male', 'false'),
(32, 'Kamillah', 'Frise', 'kfriseb@nbcnews.com', '50192887405432', 'rDzNGnmC09YN', 3, 'kfriseb', '1999-07-18', 2, 'Female', 'false'),
(33, 'Adamo', 'Bang', 'abangc@t-online.de', '35957703175910', 'e7wYwLWf', 3, 'abangc', '1998-02-28', 2, 'Male', 'false'),
(34, 'Devland', 'Mahmood', 'dmahmoodd@businesswire.com', '48920904946627', 'JVpHrMefy', 3, 'dmahmoodd', '1999-11-24', 2, 'Male', 'false'),
(35, 'Ivar', 'Strowger', 'istrowgere@wikimedia.org', '59655152361753', 'TqHOz6DlyEi', 1, 'istrowgere', '1997-11-14', 2, 'Male', 'false'),
(36, 'Freddie', 'Pisco', 'fpiscof@bloglovin.com', '17309641004150', 'M28JQe9coRcJ', 1, 'fpiscof', '1995-05-16', 2, 'Male', 'false'),
(37, 'Taite', 'Belfitt', 'tbelfittg@hugedomains.com', '89249883419288', 'Izuz8G', 2, 'tbelfittg', '1994-11-04', 2, 'Male', 'false'),
(38, 'Lori', 'Pickford', 'lpickfordh@friendfeed.com', '22529300255437', '2p4W96W', 2, 'lpickfordh', '1993-05-09', 2, 'Female', 'false'),
(39, 'Udall', 'Macari', 'umacarii@state.gov', '97871564889312', 'XyoKQMHgNMYR', 1, 'umacarii', '1990-06-05', 2, 'Male', 'false'),
(40, 'Emmit', 'Ellins', 'eellinsj@soup.io', '98507006069743', 'YCiKUU4hb', 2, 'eellinsj', '1991-03-20', 2, 'Male', 'false'),
(41, 'Leicester', 'Bougen', 'lbougenk@reverbnation.com', '10740730846648', 'tNWlM9P5', 3, 'lbougenk', '1994-09-04', 2, 'Male', 'false'),
(42, 'Zared', 'Hoyt', 'zhoytl@dedecms.com', '12635263965094', 'Fh1ZuckF', 1, 'zhoytl', '1996-04-18', 2, 'Male', 'false'),
(43, 'Winifred', 'Seaward', 'wseawardm@blog.com', '16544708797861', 'awKGYZ4', 3, 'wseawardm', '1999-06-30', 2, 'Female', 'false'),
(44, 'Adiana', 'Featonby', 'afeatonbyn@timesonline.co.uk', '96743399854016', 'hD8hWNI5m', 3, 'afeatonbyn', '1996-09-14', 2, 'Female', 'false'),
(45, 'Mildred', 'Bettis', 'mbettiso@facebook.com', '15302461873876', 'ZHAnib4lkGQP', 1, 'mbettiso', '2000-01-11', 2, 'Female', 'false'),
(46, 'Gertrud', 'Malcher', 'gmalcherp@ovh.net', '35175768040405', 'PiHeeUFbJPO', 2, 'gmalcherp', '1996-09-03', 2, 'Female', 'false'),
(47, 'Burtie', 'Danielian', 'bdanielianq@desdev.cn', '90163783769364', 'Mkemj4j', 2, 'bdanielianq', '1991-11-27', 2, 'Male', 'false'),
(48, 'Juan', 'Vicker', 'jvickerr@jiathis.com', '83981826198446', 'sFh1wTy9q', 1, 'jvickerr', '1991-01-09', 2, 'Male', 'false'),
(49, 'Dane', 'Eefting', 'deeftings@addthis.com', '77354262392013', 'wrNUNxZWW', 1, 'deeftings', '1999-04-27', 2, 'Male', 'false'),
(50, 'Reinaldos', 'Davidow', 'rdavidowt@pbs.org', '33150789507542', 'VuUPZ8', 3, 'rdavidowt', '1993-06-14', 2, 'Male', 'false'),
(51, 'Noel', 'Ruggiero', 'nruggierou@seattletimes.com', '32428591138177', 'rT9cN6EIpk', 2, 'nruggierou', '1999-12-05', 2, 'Male', 'false'),
(52, 'Pennie', 'Stroobant', 'pstroobantv@fc2.com', '21658576137688', 'gGGY9ezvNC', 2, 'pstroobantv', '1994-05-04', 2, 'Male', 'false'),
(53, 'Persis', 'Titcombe', 'ptitcombew@tinypic.com', '32569528478020', 'cGzArcp57s', 2, 'ptitcombew', '1995-05-24', 2, 'Female', 'false'),
(54, 'Arielle', 'Allgood', 'aallgoodx@parallels.com', '55811875734349', 'SGx92PTW9y', 3, 'aallgoodx', '1992-04-09', 2, 'Female', 'false'),
(55, 'Thaddus', 'Kollatsch', 'tkollatschy@youtube.com', '58382872640023', '7TGa971EKZ', 3, 'tkollatschy', '1994-04-13', 2, 'Male', 'false'),
(56, 'Bailey', 'Sherwin', 'bsherwinz@examiner.com', '74134202563291', 'Gp83AMwHZw', 3, 'bsherwinz', '1991-04-26', 2, 'Male', 'false'),
(57, 'Freida', 'Guerriero', 'fguerriero10@myspace.com', '69812003500000', 'L1kQbFsyt', 2, 'fguerriero10', '1991-05-07', 2, 'Female', 'false'),
(58, 'Saunderson', 'Gold', 'sgold11@gizmodo.com', '99467054790660', 'a4suOnNYOb', 1, 'sgold11', '1991-06-04', 2, 'Male', 'false'),
(59, 'Henrik', 'Briddock', 'hbriddock12@springer.com', '81681225236567', 'zlsEK8', 1, 'hbriddock12', '1998-09-21', 2, 'Male', 'false'),
(60, 'Maure', 'Duchateau', 'mduchateau13@aol.com', '27295271740970', 'FlokBI6ae', 2, 'mduchateau13', '1991-03-03', 2, 'Female', 'false'),
(61, 'Ashely', 'Fishlock', 'afishlock14@typepad.com', '77284749263752', '7G60m89E9a73', 1, 'afishlock14', '1999-08-11', 2, 'Female', 'false'),
(62, 'Rose', 'O\'Lochan', 'rolochan15@unesco.org', '72459499882242', 'Qvgq5i0id', 3, 'rolochan15', '1996-03-31', 2, 'Female', 'false'),
(63, 'Bron', 'Elverstone', 'belverstone16@google.de', '63930115172736', 'sLqj23U9', 3, 'belverstone16', '1993-02-07', 2, 'Male', 'false'),
(64, 'Fifi', 'Guion', 'fguion17@princeton.edu', '42344682798776', 'hO9Qzdh', 2, 'fguion17', '1996-05-16', 2, 'Female', 'false'),
(65, 'Cynthea', 'Philipps', 'cphilipps18@go.com', '69095663084994', 'CmWvYYj', 3, 'cphilipps18', '1991-05-09', 2, 'Female', 'false'),
(66, 'Tore', 'Britt', 'tbritt19@si.edu', '10720175960563', '2eLelv', 2, 'tbritt19', '1997-11-21', 2, 'Male', 'false'),
(67, 'Padraic', 'Mountford', 'pmountford1a@adobe.com', '79781996798018', 'M6UplUpAZs', 3, 'pmountford1a', '1993-06-02', 2, 'Male', 'false'),
(68, 'Christoffer', 'Fidler', 'cfidler1b@youtu.be', '62123624344090', 'Qmop7m0zZ', 1, 'cfidler1b', '1993-05-11', 2, 'Male', 'false'),
(69, 'Duke', 'Formby', 'dformby1c@arizona.edu', '41788727065818', 'oqy0GJdt3og', 3, 'dformby1c', '1993-08-28', 2, 'Male', 'false'),
(70, 'Nellie', 'Cordall', 'ncordall1d@1688.com', '22495346806643', 'P01AGQw5u', 3, 'ncordall1d', '1999-04-19', 2, 'Female', 'false'),
(71, 'Des', 'Cleeve', 'dcleeve1e@narod.ru', '12282155934715', 'Tx9B3Jt', 1, 'dcleeve1e', '1991-10-18', 2, 'Male', 'false'),
(72, 'Thibaut', 'Sanchiz', 'tsanchiz1f@psu.edu', '57112546580264', 'AtOhzk', 2, 'tsanchiz1f', '2000-03-16', 2, 'Male', 'false'),
(73, 'Lawrence', 'Howgill', 'lhowgill1g@mac.com', '47309311612943', 'uLFmnfE', 2, 'lhowgill1g', '1991-12-08', 2, 'Male', 'false'),
(74, 'Hussein', 'Corten', 'hcorten1h@ifeng.com', '49495825233866', 'P1uA2q', 1, 'hcorten1h', '1990-07-29', 2, 'Male', 'false'),
(75, 'Reider', 'MacCawley', 'rmaccawley1i@bloglines.com', '54200758122501', 'qZQyqf', 1, 'rmaccawley1i', '1991-06-14', 2, 'Male', 'false'),
(76, 'Wald', 'Pincked', 'wpincked1j@etsy.com', '16110511175835', 'HwJSRKcuM', 1, 'wpincked1j', '1995-03-07', 2, 'Male', 'false'),
(77, 'Terri-jo', 'cornhill', 'tcornhill1k@pinterest.com', '17337186747561', 'eKDq0A', 3, 'tcornhill1k', '1991-09-14', 2, 'Female', 'false'),
(78, 'Margarette', 'Rides', 'mrides1l@wordpress.com', '13798316555136', 'XSlG5xBqd3', 3, 'mrides1l', '1990-12-15', 2, 'Female', 'false'),
(79, 'Mathilde', 'Mainston', 'mmainston1m@yellowbook.com', '14575764755594', 'OKo1XXeKd', 3, 'mmainston1m', '1996-03-11', 2, 'Female', 'false'),
(80, 'Viviyan', 'Lanktree', 'vlanktree1n@army.mil', '52010709052324', 'LYAynbBl', 1, 'vlanktree1n', '1991-02-28', 2, 'Female', 'false'),
(81, 'Tadeas', 'Bilham', 'tbilham1o@vkontakte.ru', '53082316519589', 'RZ7uWHz3vyDj', 2, 'tbilham1o', '1994-07-31', 2, 'Male', 'false'),
(82, 'Evie', 'Dondon', 'edondon1p@hp.com', '70233338389775', 'EuSnJEPAnNtz', 1, 'edondon1p', '1993-07-29', 2, 'Female', 'false'),
(83, 'Torrance', 'Spriddle', 'tspriddle1q@surveymonkey.com', '88555278288386', '0vtUNzkIqLB', 1, 'tspriddle1q', '1992-03-13', 2, 'Male', 'false'),
(84, 'Eb', 'Finnie', 'efinnie1r@indiatimes.com', '79099856121341', 'BG2Wgvj9w', 3, 'efinnie1r', '1996-06-16', 2, 'Male', 'false'),
(85, 'Carson', 'Niezen', 'cniezen1s@apple.com', '86615814759206', 'VbDPATKYjl4', 1, 'cniezen1s', '1993-06-23', 2, 'Male', 'false'),
(86, 'Quintus', 'Kieran', 'qkieran1t@google.fr', '69292360741792', 'iRmKp6F55m', 2, 'qkieran1t', '1999-04-26', 2, 'Male', 'false'),
(87, 'Louise', 'Woolway', 'lwoolway1u@springer.com', '26695586128526', 'gq1Fgi', 3, 'lwoolway1u', '1996-08-05', 2, 'Female', 'false'),
(88, 'Shelli', 'Winfindale', 'swinfindale1v@engadget.com', '93211167249754', 'TjRN95', 2, 'swinfindale1v', '1994-06-27', 2, 'Female', 'false'),
(89, 'Gradeigh', 'Vannozzii', 'gvannozzii1w@npr.org', '10811698187306', 'pBSv40ejHhot', 3, 'gvannozzii1w', '1992-08-13', 2, 'Male', 'false'),
(90, 'Mariette', 'Cossins', 'mcossins1x@aol.com', '98289582329571', 'WJWDvHJhjlcp', 1, 'mcossins1x', '1995-09-02', 2, 'Female', 'false'),
(91, 'Hannah', 'Duer', 'hduer1y@woothemes.com', '88337022611224', 'cSPhYklku2F', 3, 'hduer1y', '1999-08-22', 2, 'Female', 'false'),
(92, 'Shermy', 'Spaxman', 'sspaxman1z@msn.com', '46582440236843', 'QFEOREy8FFUs', 2, 'sspaxman1z', '1991-10-06', 2, 'Male', 'false'),
(93, 'Clo', 'Jobson', 'cjobson20@yelp.com', '38580113320510', 'uy5RXl', 2, 'cjobson20', '1991-04-18', 2, 'Female', 'false'),
(94, 'Thorny', 'Jakobssen', 'tjakobssen21@twitpic.com', '21483087100121', 'McCt3v1S9D', 2, 'tjakobssen21', '1993-09-20', 2, 'Male', 'false'),
(95, 'Eloise', 'Mottini', 'emottini22@topsy.com', '74545396902385', 'LXOJOt8Ci', 1, 'emottini22', '1992-06-14', 2, 'Female', 'false'),
(96, 'Abe', 'Astridge', 'aastridge23@wordpress.com', '65995551166480', 'bVK7nTO', 2, 'aastridge23', '1996-01-25', 2, 'Male', 'false'),
(97, 'Vinni', 'Corradini', 'vcorradini24@booking.com', '39033021695352', 'fBMEod', 1, 'vcorradini24', '1996-12-04', 2, 'Female', 'false'),
(98, 'Anthea', 'Plackstone', 'aplackstone25@indiatimes.com', '40063260900707', 'VajuAXIKTb', 2, 'aplackstone25', '1995-07-17', 2, 'Female', 'false'),
(99, 'Cammy', 'Kapelhof', 'ckapelhof26@si.edu', '45751241628775', '16uq3jtV', 1, 'ckapelhof26', '1999-10-05', 2, 'Female', 'false'),
(100, 'Rozele', 'Ipwell', 'ripwell27@naver.com', '92473469972267', 'EjIP1hkeru', 2, 'ripwell27', '1990-11-23', 2, 'Female', 'false'),
(101, 'Lorie', 'Episcopi', 'lepiscopi28@va.gov', '19478790634089', 'fcjcbXg', 1, 'lepiscopi28', '1994-01-10', 2, 'Female', 'false'),
(102, 'Vidovik', 'Ruseworth', 'vruseworth29@deviantart.com', '69708169565041', 'PtDJDFw9r0', 3, 'vruseworth29', '1999-08-20', 2, 'Male', 'false'),
(103, 'Belvia', 'Hawkey', 'bhawkey2a@cocolog-nifty.com', '55005415472127', 'KjSmTzRM', 3, 'bhawkey2a', '1991-08-25', 2, 'Female', 'false'),
(104, 'Abbe', 'Esley', 'aesley2b@uol.com.br', '26120550852258', 'ZOHXboeQ', 1, 'aesley2b', '1998-09-13', 2, 'Female', 'false'),
(105, 'Creigh', 'Challin', 'cchallin2c@ftc.gov', '38504961797330', '2iLSbJq0AMH', 1, 'cchallin2c', '1990-10-07', 2, 'Male', 'false'),
(106, 'Adora', 'Marien', 'amarien2d@biblegateway.com', '19280247936555', 'EYTEmi', 3, 'amarien2d', '1990-05-31', 2, 'Female', 'false'),
(107, 'Faun', 'Van Zon', 'fvanzon2e@eventbrite.com', '32592272020648', 'VjvziuQ', 1, 'fvanzon2e', '1992-04-28', 2, 'Female', 'false'),
(108, 'Alverta', 'Bewlay', 'abewlay2f@rediff.com', '80040256625898', 'M76imE', 3, 'abewlay2f', '1993-10-13', 2, 'Female', 'false'),
(109, 'Walliw', 'La Batie', 'wlabatie2g@reuters.com', '14734836630289', 'HQj4rM7Qtk1', 3, 'wlabatie2g', '1990-05-25', 2, 'Female', 'false'),
(110, 'Johan', 'Strangeway', 'jstrangeway2h@cyberchimps.com', '13128668474791', 'YPyOB3Zr', 1, 'jstrangeway2h', '1996-12-09', 2, 'Male', 'false'),
(111, 'Marigold', 'Trainer', 'mtrainer2i@dedecms.com', '66456038973549', 'l7No8D', 1, 'mtrainer2i', '1991-10-16', 2, 'Female', 'false'),
(112, 'Jehu', 'Dingivan', 'jdingivan2j@rambler.ru', '70821306060173', '4g1k46a7uDv', 2, 'jdingivan2j', '1997-09-16', 2, 'Male', 'false'),
(113, 'Janetta', 'McMickan', 'jmcmickan2k@home.pl', '50798016066878', 'aKoNnA', 3, 'jmcmickan2k', '1991-02-11', 2, 'Female', 'false'),
(114, 'Clarisse', 'Staker', 'cstaker2l@cargocollective.com', '41543895013571', 'OUObZSsr6Eu1', 2, 'cstaker2l', '1992-06-21', 2, 'Female', 'false'),
(115, 'Steward', 'Burgess', 'sburgess2m@icq.com', '56255869295702', 'iEVisIIIq8', 3, 'sburgess2m', '1991-10-31', 2, 'Male', 'false'),
(116, 'Gauthier', 'Neale', 'gneale2n@cam.ac.uk', '40173328785067', 'xsYyKFfojch', 3, 'gneale2n', '1998-12-29', 2, 'Male', 'false'),
(117, 'Ephraim', 'Lyttle', 'elyttle2o@webmd.com', '33033299393974', 'H7ME6g', 3, 'elyttle2o', '1999-06-02', 2, 'Male', 'false'),
(118, 'Xymenes', 'Skerrett', 'xskerrett2p@google.com.hk', '10053318512161', 'dvRzyW', 2, 'xskerrett2p', '1991-10-10', 2, 'Male', 'false'),
(119, 'Vite', 'Handy', 'vhandy2q@goodreads.com', '49896120491118', 'TF1WfSbjH0', 2, 'vhandy2q', '1990-10-11', 2, 'Male', 'false'),
(120, 'Jed', 'Oakwell', 'joakwell2r@ifeng.com', '93724992824023', 'iiy6ZnyDI9t', 3, 'joakwell2r', '1993-02-01', 2, 'Male', 'false'),
(121, 'Nerte', 'Gasnell', 'ngasnell2s@last.fm', '17211069040426', 'hnHJDwx9YKGo', 2, 'ngasnell2s', '1993-11-09', 2, 'Female', 'false'),
(122, 'Coleman', 'Krienke', 'ckrienke2t@chicagotribune.com', '99304160025808', 'ErE52v7lo3J', 2, 'ckrienke2t', '1998-12-31', 2, 'Male', 'false'),
(123, 'Lowe', 'Lintall', 'llintall2u@ebay.com', '84829998573494', 'Wwtlab7EKb9E', 2, 'llintall2u', '1990-05-27', 2, 'Male', 'false'),
(124, 'Colet', 'Vanderplas', 'cvanderplas2v@fotki.com', '38032707854926', 'GmO2tGfgsew', 1, 'cvanderplas2v', '1991-12-09', 2, 'Male', 'false'),
(125, 'Colas', 'Martinie', 'cmartinie2w@ask.com', '14885642634188', 'iwaRNeBWTE', 2, 'cmartinie2w', '1993-10-02', 2, 'Male', 'false'),
(126, 'Tish', 'Jacquemot', 'tjacquemot2x@yandex.ru', '31772312211672', '27S6jgy0z', 1, 'tjacquemot2x', '1995-09-23', 2, 'Female', 'false'),
(127, 'Rancell', 'Chastel', 'rchastel2y@statcounter.com', '36774219583156', 'ZyPVZL6O7uZ', 1, 'rchastel2y', '1998-01-26', 2, 'Male', 'false'),
(128, 'Danika', 'Tipton', 'dtipton2z@cbslocal.com', '45304495122099', '1lI2ggcG', 3, 'dtipton2z', '1998-01-24', 2, 'Female', 'false'),
(129, 'Laina', 'Lighten', 'llighten30@hexun.com', '47609950189652', '2H0Jcnl', 1, 'llighten30', '1993-05-06', 2, 'Female', 'false'),
(130, 'Harley', 'Cardow', 'hcardow31@dot.gov', '39860838430559', '5A8BAVAhig', 2, 'hcardow31', '1999-08-24', 2, 'Male', 'false'),
(131, 'Emlyn', 'Brashier', 'ebrashier32@sphinn.com', '24748675998472', 'mAHQ3JwJ5PK6', 3, 'ebrashier32', '1996-09-04', 2, 'Female', 'false'),
(132, 'Wilfred', 'Chidley', 'wchidley33@google.pl', '80599131027194', 'mWswhRep45', 2, 'wchidley33', '1996-11-06', 2, 'Male', 'false'),
(133, 'Meggy', 'Clemon', 'mclemon34@opera.com', '51378955032381', 'fxGoQUd6Lzn', 2, 'mclemon34', '1999-12-10', 2, 'Female', 'false'),
(134, 'Sigrid', 'Paolinelli', 'spaolinelli35@reuters.com', '64049202066502', 'M6jm5x', 3, 'spaolinelli35', '1996-06-04', 2, 'Female', 'false'),
(135, 'Jaymee', 'Bankhurst', 'jbankhurst36@dedecms.com', '78302402653614', '3O99ZAjZG78y', 1, 'jbankhurst36', '1998-02-08', 2, 'Female', 'false'),
(136, 'Othelia', 'Parfrey', 'oparfrey37@fc2.com', '28024707139343', 'ZzmVDQ', 2, 'oparfrey37', '1994-07-15', 2, 'Female', 'false'),
(137, 'Mill', 'Teck', 'mteck38@odnoklassniki.ru', '58665403422956', 'UpH2jziuhe3', 1, 'mteck38', '1991-09-18', 2, 'Male', 'false'),
(138, 'Ramon', 'Franzotto', 'rfranzotto39@dell.com', '46491519774984', 'McSpWsSSh', 3, 'rfranzotto39', '1995-08-04', 2, 'Male', 'false'),
(139, 'Henderson', 'Espinoza', 'hespinoza3a@yahoo.com', '39612548788696', 'sgGVPS', 3, 'hespinoza3a', '1995-05-01', 2, 'Male', 'false'),
(140, 'Colene', 'Haymes', 'chaymes3b@tripadvisor.com', '92330418554318', 'PYYMx9do20', 3, 'chaymes3b', '1997-02-12', 2, 'Female', 'false'),
(141, 'Devland', 'Joost', 'djoost3c@wix.com', '99820335895267', 'DuGHHFSQNjw', 3, 'djoost3c', '1995-02-03', 2, 'Male', 'false'),
(142, 'Lotte', 'Bermingham', 'lbermingham3d@wsj.com', '33469002486881', 'ckQljP', 1, 'lbermingham3d', '1991-02-11', 2, 'Female', 'false'),
(143, 'Katee', 'Stoile', 'kstoile3e@sphinn.com', '53183934878487', 'IvdCtOW', 2, 'kstoile3e', '1992-08-16', 2, 'Female', 'false'),
(144, 'Edmund', 'Fahy', 'efahy3f@amazon.de', '54400148225175', 'ISZNnvweA1', 2, 'efahy3f', '1995-05-20', 2, 'Male', 'false'),
(145, 'Agatha', 'Haywood', 'ahaywood3g@livejournal.com', '81343463222883', 'aulMKR', 1, 'ahaywood3g', '2000-03-18', 2, 'Female', 'false'),
(146, 'Keefe', 'Whiffin', 'kwhiffin3h@geocities.com', '24737733247711', 'BV2SdBh6tigX', 3, 'kwhiffin3h', '1999-09-12', 2, 'Male', 'false'),
(147, 'Filmore', 'Szymanowicz', 'fszymanowicz3i@china.com.cn', '88907218013959', '7n3A3nK53', 1, 'fszymanowicz3i', '1990-08-16', 2, 'Male', 'false'),
(148, 'Willard', 'Fitchet', 'wfitchet3j@about.com', '58896964727559', 'cUVSN7zyA', 3, 'wfitchet3j', '1994-02-14', 2, 'Male', 'false'),
(149, 'Gertrude', 'Langland', 'glangland3k@cnn.com', '85422946597114', 'QHthKp85xhNk', 3, 'glangland3k', '1991-08-05', 2, 'Female', 'false'),
(150, 'Jervis', 'Dignall', 'jdignall3l@msn.com', '68053743503912', 'DBcuf41Uk', 2, 'jdignall3l', '1996-09-12', 2, 'Male', 'false'),
(151, 'Faydra', 'De Rechter', 'fderechter3m@princeton.edu', '81645583166404', 'VQaJY2sxzV', 3, 'fderechter3m', '1993-04-21', 2, 'Female', 'false'),
(152, 'Nance', 'McComiskey', 'nmccomiskey3n@so-net.ne.jp', '79084902473921', 'VTSpOSkl5XdM', 1, 'nmccomiskey3n', '1999-03-03', 2, 'Female', 'false'),
(153, 'Laurel', 'Gatus', 'lgatus3o@jugem.jp', '27336422686945', 'vs5NqUs', 3, 'lgatus3o', '1995-12-25', 2, 'Female', 'false'),
(154, 'Gloriana', 'Eyeington', 'geyeington3p@msn.com', '41203452402246', 'JbuzBA7', 2, 'geyeington3p', '1998-01-15', 2, 'Female', 'false'),
(155, 'Pebrook', 'MacInnes', 'pmacinnes3q@gizmodo.com', '37119257079948', 'WfTOjQDh', 2, 'pmacinnes3q', '1993-05-29', 2, 'Male', 'false'),
(156, 'Bev', 'Devonside', 'bdevonside3r@google.it', '50413030245942', 'Pu7ZXQ7g', 2, 'bdevonside3r', '1990-05-23', 2, 'Female', 'false'),
(157, 'Grange', 'Falk', 'gfalk3s@smh.com.au', '15403669608892', 'LD0NE3ULfxi', 2, 'gfalk3s', '1997-12-20', 2, 'Male', 'false'),
(158, 'Hazlett', 'Hayth', 'hhayth3t@shutterfly.com', '30165028182713', 'ElJlhH6QHp', 3, 'hhayth3t', '1991-05-28', 2, 'Male', 'false'),
(159, 'Benn', 'Rotte', 'brotte3u@amazon.co.jp', '14229909619335', 'ch3XHvJjxlId', 2, 'brotte3u', '2000-03-28', 2, 'Male', 'false'),
(160, 'Michaelina', 'Bushrod', 'mbushrod3v@livejournal.com', '72803352196786', 'W2AjAcb', 1, 'mbushrod3v', '1994-12-23', 2, 'Female', 'false'),
(161, 'Holden', 'Theseira', 'htheseira3w@free.fr', '54412050798527', '5jNTXDRFfPVA', 2, 'htheseira3w', '1996-08-06', 2, 'Male', 'false'),
(162, 'Caye', 'Reast', 'creast3x@google.co.uk', '26364264266605', 'CT8g3b', 2, 'creast3x', '1993-05-29', 2, 'Female', 'false'),
(163, 'Jory', 'Le Houx', 'jlehoux3y@feedburner.com', '11154961243595', '77vCXll8ORrd', 1, 'jlehoux3y', '1993-05-23', 2, 'Male', 'false'),
(164, 'Kent', 'Courtin', 'kcourtin3z@google.fr', '75689509128187', '10vlGqsd', 1, 'kcourtin3z', '1991-06-06', 2, 'Male', 'false'),
(165, 'Brett', 'Merali', 'bmerali40@live.com', '71360725584944', 'lg1oT5ct8', 2, 'bmerali40', '1997-07-30', 2, 'Female', 'false'),
(166, 'Ronny', 'McIlwain', 'rmcilwain41@imgur.com', '39008716885840', 'u5XJLHhn74aj', 3, 'rmcilwain41', '1997-07-23', 2, 'Male', 'false'),
(167, 'Timmy', 'Domb', 'tdomb42@xinhuanet.com', '61153028463211', 'hLQhx4J', 3, 'tdomb42', '1995-03-25', 2, 'Male', 'false'),
(168, 'Emeline', 'Eaves', 'eeaves43@comsenz.com', '91472969901942', 'qbwKp6YYpa8u', 2, 'eeaves43', '1998-05-25', 2, 'Female', 'false'),
(169, 'Raynell', 'Barz', 'rbarz44@naver.com', '28258648272900', '1iC95x', 2, 'rbarz44', '1994-08-01', 2, 'Female', 'false'),
(170, 'Philip', 'Feak', 'pfeak45@ask.com', '49712148567544', 'yY6laFthO', 2, 'pfeak45', '1991-01-28', 2, 'Male', 'false'),
(171, 'Page', 'Nornasell', 'pnornasell46@edublogs.org', '81179822136166', '5Vbog0', 2, 'pnornasell46', '1993-03-02', 2, 'Male', 'false'),
(172, 'Suzann', 'Corker', 'scorker47@webmd.com', '50758505060561', 'wOeEUmfCJMgI', 3, 'scorker47', '1992-08-18', 2, 'Female', 'false'),
(173, 'Robinette', 'Domone', 'rdomone48@prweb.com', '86064621962405', 'z1pWcJe8', 1, 'rdomone48', '1991-02-01', 2, 'Female', 'false'),
(174, 'Gillan', 'Josofovitz', 'gjosofovitz49@hc360.com', '77024059368415', 'qwfGy7f1gV', 2, 'gjosofovitz49', '2000-03-20', 2, 'Female', 'false'),
(175, 'Wilmar', 'Springett', 'wspringett4a@marriott.com', '57818328407024', 'yMCTJjMj1', 3, 'wspringett4a', '1993-06-27', 2, 'Male', 'false'),
(176, 'Ninon', 'Armand', 'narmand4b@prnewswire.com', '61318270053172', 'NhrpdTJ', 3, 'narmand4b', '1994-06-27', 2, 'Female', 'false'),
(177, 'Jermain', 'Riolfo', 'jriolfo4c@chron.com', '28867995692165', '5PxAxj', 1, 'jriolfo4c', '1990-06-16', 2, 'Male', 'false'),
(178, 'Ellen', 'Misson', 'emisson4d@mit.edu', '33469239043362', 'russU1xNjEX', 3, 'emisson4d', '1999-06-26', 2, 'Female', 'false'),
(179, 'Arlie', 'Cotty', 'acotty4e@ucoz.ru', '43620234098122', '3ljERWhkrd', 1, 'acotty4e', '1995-02-16', 2, 'Female', 'false'),
(180, 'Jeff', 'Abele', 'jabele4f@msu.edu', '90158906791295', 'BlKE2C', 1, 'jabele4f', '1995-08-30', 2, 'Male', 'false'),
(181, 'Llywellyn', 'Dorrian', 'ldorrian4g@mapquest.com', '73649634515323', 'oBg23HzWpiXY', 1, 'ldorrian4g', '1990-08-10', 2, 'Male', 'false'),
(182, 'Zitella', 'Stopper', 'zstopper4h@infoseek.co.jp', '96885903682682', 'hwMQtlee', 1, 'zstopper4h', '1999-03-10', 2, 'Female', 'false'),
(183, 'Enid', 'Ambrogioli', 'eambrogioli4i@ucla.edu', '35872047939295', 'WyiExwsx', 3, 'eambrogioli4i', '1990-08-05', 2, 'Female', 'false'),
(184, 'Zara', 'Gilbard', 'zgilbard4j@ning.com', '54418086272428', 'GXFfCV3', 3, 'zgilbard4j', '1994-05-08', 2, 'Female', 'false'),
(185, 'Darrin', 'Yewdall', 'dyewdall4k@prweb.com', '50556873888856', 'OI1JPsgzi', 1, 'dyewdall4k', '1993-08-28', 2, 'Male', 'false'),
(186, 'Valery', 'MacCahey', 'vmaccahey4l@dion.ne.jp', '45960637163371', '2s1hj6ZH4e', 1, 'vmaccahey4l', '1996-06-21', 2, 'Female', 'false'),
(187, 'Ives', 'Nibloe', 'inibloe4m@1und1.de', '37798956101634', 'ZbmQ7r0iB', 3, 'inibloe4m', '1995-05-17', 2, 'Male', 'false'),
(188, 'Maurie', 'Van', 'mvan4n@wikimedia.org', '11659145367858', 'LE6rlka', 1, 'mvan4n', '1995-10-18', 2, 'Male', 'false'),
(189, 'Miranda', 'Cosgrave', 'mcosgrave4o@webs.com', '23763905773847', 'xLZe2F9AQBI4', 1, 'mcosgrave4o', '1992-05-27', 2, 'Female', 'false'),
(190, 'Janot', 'Pollington', 'jpollington4p@tinypic.com', '84647678803583', 'vBwU8iNNrk', 1, 'jpollington4p', '1999-06-04', 2, 'Female', 'false'),
(191, 'Gabi', 'Elesander', 'gelesander4q@intel.com', '80248714436283', 'RLPRya', 1, 'gelesander4q', '1996-10-01', 2, 'Female', 'false'),
(192, 'Kellen', 'Vannah', 'kvannah4r@nasa.gov', '41071669387440', 'slqoa7gzjkZW', 3, 'kvannah4r', '1994-01-12', 2, 'Male', 'false'),
(193, 'Jervis', 'Bramstom', 'jbramstom4s@europa.eu', '85212792234064', 'sxvhhBg', 2, 'jbramstom4s', '1997-01-22', 2, 'Male', 'false'),
(194, 'Nancie', 'Segar', 'nsegar4t@yolasite.com', '97754248519423', 'eDXTKuC', 3, 'nsegar4t', '1996-12-08', 2, 'Female', 'false'),
(195, 'Ogden', 'Hassall', 'ohassall4u@adobe.com', '11411380388018', '5vBW676vK', 2, 'ohassall4u', '1993-02-05', 2, 'Male', 'false'),
(196, 'Amandy', 'Poland', 'apoland4v@zdnet.com', '54439422774334', '2bWlNLwq', 1, 'apoland4v', '1999-01-17', 2, 'Female', 'false'),
(197, 'Lezlie', 'Vampouille', 'lvampouille4w@so-net.ne.jp', '72441620477773', 'nK1tN3qlcMB', 3, 'lvampouille4w', '2000-02-19', 2, 'Female', 'false'),
(198, 'Flora', 'Radwell', 'fradwell4x@mediafire.com', '47890808325578', 'rmzV46zc', 1, 'fradwell4x', '1994-11-08', 2, 'Female', 'false'),
(199, 'Brade', 'Daughtry', 'bdaughtry4y@nyu.edu', '10409750726667', 'xi3ATlrv', 1, 'bdaughtry4y', '1995-08-12', 2, 'Male', 'false'),
(200, 'Brod', 'Pisco', 'bpisco4z@i2i.jp', '47821547775517', 'MDFox1t', 3, 'bpisco4z', '1992-03-11', 2, 'Male', 'false'),
(201, 'Artemus', 'Goymer', 'agoymer50@multiply.com', '54151343797571', '02AndY7aQiE', 2, 'agoymer50', '1994-04-27', 2, 'Male', 'false'),
(202, 'Pren', 'Barnewell', 'pbarnewell51@google.ca', '21930042105416', 'Ack6bdvz', 3, 'pbarnewell51', '1993-08-16', 2, 'Male', 'false'),
(203, 'Quinton', 'Orpyne', 'qorpyne52@yellowbook.com', '98739289369477', 'voQJp5DGWa9R', 3, 'qorpyne52', '1996-05-12', 2, 'Male', 'false'),
(204, 'Joella', 'Galley', 'jgalley53@ycombinator.com', '97548569428224', 'F3NPUZ', 2, 'jgalley53', '1999-06-17', 2, 'Female', 'false'),
(205, 'Appolonia', 'O\'Dreain', 'aodreain54@dailymotion.com', '16498486376110', 'ZLHUVEisPGSF', 2, 'aodreain54', '1999-03-12', 2, 'Female', 'false'),
(206, 'Rhetta', 'Wrotham', 'rwrotham55@woothemes.com', '13647268804609', 'lCrkwprcu', 2, 'rwrotham55', '1998-01-17', 2, 'Female', 'false'),
(207, 'Arnaldo', 'Fitton', 'afitton56@biglobe.ne.jp', '80434424323098', 'ZFc4L5emw', 1, 'afitton56', '1996-01-23', 2, 'Male', 'false'),
(208, 'Fran', 'Duckham', 'fduckham57@slideshare.net', '77613524104819', 'Jc1ciFdRtT', 3, 'fduckham57', '1994-11-06', 2, 'Male', 'false'),
(209, 'Godard', 'Lancashire', 'glancashire58@guardian.co.uk', '50882274946347', '5NdOm1PbH', 3, 'glancashire58', '1995-01-02', 2, 'Male', 'false'),
(210, 'Bo', 'Tremlett', 'btremlett59@google.es', '10419313767988', '4eSKMtCDT', 1, 'btremlett59', '1993-01-12', 2, 'Male', 'false'),
(211, 'Immanuel', 'Hansed', 'ihansed5a@desdev.cn', '43359073229967', '6WXZjsPcl', 1, 'ihansed5a', '1994-11-07', 2, 'Male', 'false'),
(212, 'Demetrius', 'Gwin', 'dgwin5b@europa.eu', '98053188323137', 'mEhbyruN5LW', 1, 'dgwin5b', '1995-04-23', 2, 'Male', 'false'),
(213, 'Jakob', 'Wabb', 'jwabb5c@infoseek.co.jp', '70142505244257', 'PBmvQHQ', 3, 'jwabb5c', '1993-09-19', 2, 'Male', 'false'),
(214, 'Edita', 'Jerke', 'ejerke5d@issuu.com', '42718844031981', 'qfgrAcaLcRqK', 1, 'ejerke5d', '1998-08-25', 2, 'Female', 'false'),
(215, 'Lilly', 'Bufton', 'lbufton5e@pinterest.com', '83628356306293', '8d6fcOT', 3, 'lbufton5e', '2000-02-23', 2, 'Female', 'false'),
(216, 'Kath', 'Suckling', 'ksuckling5f@comsenz.com', '34741658764573', '7i42sTzzJX', 3, 'ksuckling5f', '1996-02-05', 2, 'Female', 'false'),
(217, 'Cristobal', 'Glazyer', 'cglazyer5g@netscape.com', '83945681702234', 'v2klZmX9ds', 3, 'cglazyer5g', '1991-02-05', 2, 'Male', 'false'),
(218, 'Sharlene', 'Bazely', 'sbazely5h@globo.com', '80438554808451', 'nPWtmDd87', 3, 'sbazely5h', '1997-01-22', 2, 'Female', 'false'),
(219, 'Tannie', 'Lauks', 'tlauks5i@google.de', '62234336909456', 'a3ujpnAbWe', 2, 'tlauks5i', '2000-03-31', 2, 'Male', 'false'),
(220, 'Zack', 'Cornillot', 'zcornillot5j@telegraph.co.uk', '18170614296673', 'O2BGxNv3eY0w', 2, 'zcornillot5j', '1994-01-17', 2, 'Male', 'false'),
(221, 'Ara', 'MacCorkell', 'amaccorkell5k@wired.com', '79223513905518', 'IBIIoOlRZT1', 1, 'amaccorkell5k', '1991-02-14', 2, 'Male', 'false'),
(222, 'Violette', 'Simkovich', 'vsimkovich5l@hhs.gov', '83824402060742', 'TX8Bc7lDXqb8', 3, 'vsimkovich5l', '1990-10-07', 2, 'Female', 'false'),
(223, 'Thomasin', 'Giacobillo', 'tgiacobillo5m@google.co.uk', '46953994197451', 'OR56uXDpAIo', 1, 'tgiacobillo5m', '1998-08-04', 2, 'Female', 'false'),
(224, 'Blythe', 'Draycott', 'bdraycott5n@gravatar.com', '41812472145743', 'I9Kib4Ho8', 1, 'bdraycott5n', '1992-01-22', 2, 'Female', 'false'),
(225, 'Grace', 'Stollenwerck', 'gstollenwerck5o@discovery.com', '18283659281636', 'XHtifCfSND', 2, 'gstollenwerck5o', '1992-02-27', 2, 'Female', 'false'),
(226, 'Archibold', 'Yashunin', 'ayashunin5p@cafepress.com', '79683419720170', 'JhihPl3s', 3, 'ayashunin5p', '1994-11-20', 2, 'Male', 'false'),
(227, 'Biron', 'Earles', 'bearles5q@devhub.com', '70851628011846', 'gi7NXtSCxN', 3, 'bearles5q', '1999-10-14', 2, 'Male', 'false'),
(228, 'Dulce', 'Rays', 'drays5r@seattletimes.com', '29275425486581', 'JYSCNm', 1, 'drays5r', '1993-07-27', 2, 'Female', 'false'),
(229, 'Blayne', 'Le Strange', 'blestrange5s@clickbank.net', '25963179425369', 'rfSfEptGpqlG', 2, 'blestrange5s', '1993-01-06', 2, 'Male', 'false'),
(230, 'Patsy', 'Leopold', 'pleopold5t@ucoz.com', '56151956865961', 'ibLU2PyFFWk', 2, 'pleopold5t', '1996-11-09', 2, 'Male', 'false'),
(231, 'Morrie', 'Bracknell', 'mbracknell5u@ihg.com', '88906899309612', 'eqZif7', 2, 'mbracknell5u', '1999-09-20', 2, 'Male', 'false'),
(232, 'Abran', 'Kilius', 'akilius5v@yale.edu', '24735726942325', 'g9N0j5Ol', 3, 'akilius5v', '1992-09-28', 2, 'Male', 'false'),
(233, 'Fayth', 'Kikke', 'fkikke5w@skyrock.com', '48288858364426', '6j7pW43mf', 3, 'fkikke5w', '1990-12-30', 2, 'Female', 'false'),
(234, 'Arlene', 'Inge', 'ainge5x@deviantart.com', '41730342912687', '18QO7xRt', 3, 'ainge5x', '1997-06-02', 2, 'Female', 'false'),
(235, 'Armand', 'Brobyn', 'abrobyn5y@unc.edu', '51689544423858', '3dSpyl', 2, 'abrobyn5y', '1991-11-26', 2, 'Male', 'false'),
(236, 'Tracy', 'Dietmar', 'tdietmar5z@biglobe.ne.jp', '46988847985072', 'xzBpYrFxBUE', 3, 'tdietmar5z', '2000-01-29', 2, 'Male', 'false'),
(237, 'Lyndel', 'Berggren', 'lberggren60@utexas.edu', '96648905378405', 'olnWHoU3pHi', 1, 'lberggren60', '1997-11-12', 2, 'Female', 'false'),
(238, 'Mauricio', 'Haggerston', 'mhaggerston61@gravatar.com', '89585667278458', 'VJrQaSTA3', 2, 'mhaggerston61', '1998-06-05', 2, 'Male', 'false'),
(239, 'Kathryne', 'Ousby', 'kousby62@naver.com', '36194733767511', 'UUlVyEh6JPaL', 2, 'kousby62', '1993-01-20', 2, 'Female', 'false'),
(240, 'Steve', 'Lissett', 'slissett63@posterous.com', '63526455194922', 'F0SaGfw5zJ', 3, 'slissett63', '1991-04-21', 2, 'Male', 'false'),
(241, 'Web', 'Petworth', 'wpetworth64@wikispaces.com', '40951084874235', 'ZUaH3TfZ3', 1, 'wpetworth64', '1998-11-16', 2, 'Male', 'false'),
(242, 'Zeb', 'Theis', 'ztheis65@virginia.edu', '22332116029316', 'Pe2ByKgsPG', 2, 'ztheis65', '1997-07-11', 2, 'Male', 'false'),
(243, 'Ekaterina', 'Christoforou', 'echristoforou66@merriam-webster.com', '83354317714223', 'iYwWj2i', 1, 'echristoforou66', '1993-04-04', 2, 'Female', 'false'),
(244, 'Francklin', 'Thwaites', 'fthwaites67@people.com.cn', '75323593735657', 'zmsZhiqS', 3, 'fthwaites67', '1999-09-05', 2, 'Male', 'false'),
(245, 'Aleen', 'Tremain', 'atremain68@state.gov', '34791774388001', 'FsTtnAZNcPSA', 1, 'atremain68', '1992-07-14', 2, 'Female', 'false'),
(246, 'Karlis', 'Pilsbury', 'kpilsbury69@surveymonkey.com', '20091501338193', 'XfmCfCMjuMBL', 2, 'kpilsbury69', '1991-07-19', 2, 'Male', 'false'),
(247, 'Evania', 'Schaumaker', 'eschaumaker6a@webs.com', '76214080627342', 'hpknsoQ7dc', 3, 'eschaumaker6a', '2000-01-30', 2, 'Female', 'false'),
(248, 'Lucila', 'Lewin', 'llewin6b@time.com', '40063714113709', 'jMLRiEb0cXI1', 1, 'llewin6b', '1990-11-13', 2, 'Female', 'false'),
(249, 'Doralyn', 'Allbon', 'dallbon6c@yahoo.co.jp', '32306393842627', '1iC0c0viW0', 2, 'dallbon6c', '1991-10-22', 2, 'Female', 'false'),
(250, 'Warden', 'Slade', 'wslade6d@ucoz.ru', '24904183255639', 'yJngyLLfcFz', 1, 'wslade6d', '1993-08-24', 2, 'Male', 'false'),
(251, 'Iosep', 'Boschmann', 'iboschmann6e@seattletimes.com', '39637852715775', 'Yeedd6wx', 1, 'iboschmann6e', '1990-08-25', 2, 'Male', 'false'),
(252, 'Suellen', 'Janicki', 'sjanicki6f@linkedin.com', '26916483500970', 'hoCb70W', 1, 'sjanicki6f', '1995-03-27', 2, 'Female', 'false'),
(253, 'Granny', 'Titcom', 'gtitcom6g@webeden.co.uk', '59577664749402', 'TTZriw3k', 2, 'gtitcom6g', '1996-10-17', 2, 'Male', 'false'),
(254, 'Antonella', 'Beck', 'abeck6h@cbslocal.com', '78554256905286', 'qnocCp78', 3, 'abeck6h', '1996-10-17', 2, 'Female', 'false'),
(255, 'Janis', 'Woodroof', 'jwoodroof6i@unblog.fr', '87986663949971', '18wOCq', 3, 'jwoodroof6i', '1997-04-01', 2, 'Female', 'false'),
(256, 'Caralie', 'Lumsdaine', 'clumsdaine6j@ameblo.jp', '12607046214981', 'xKVMy2P', 3, 'clumsdaine6j', '1994-02-15', 2, 'Female', 'false'),
(257, 'Harman', 'Hafner', 'hhafner6k@umn.edu', '84752953986255', 'MkdUOF5ELwYk', 1, 'hhafner6k', '1993-01-18', 2, 'Male', 'false'),
(258, 'Phoebe', 'Butner', 'pbutner6l@columbia.edu', '65162858033103', 'D5EvdNeDgKin', 3, 'pbutner6l', '1996-02-04', 2, 'Female', 'false'),
(259, 'Cesya', 'Waddie', 'cwaddie6m@g.co', '80608845452867', 'NGq274baE', 2, 'cwaddie6m', '1999-08-24', 2, 'Female', 'false'),
(260, 'Verna', 'Pyson', 'vpyson6n@instagram.com', '99253224767599', 'KTtCezkiRz', 2, 'vpyson6n', '1999-11-06', 2, 'Female', 'false'),
(261, 'Devlen', 'Norres', 'dnorres6o@instagram.com', '98628121962998', 'iFBPZAsdhXz', 3, 'dnorres6o', '1997-10-26', 2, 'Male', 'false'),
(262, 'Isidro', 'Darree', 'idarree6p@nyu.edu', '39527222139511', '4GKlYteOC', 3, 'idarree6p', '1998-08-10', 2, 'Male', 'false'),
(263, 'Emmott', 'Landrean', 'elandrean6q@unesco.org', '20753371876752', 'nV1NljbwKqP3', 3, 'elandrean6q', '1991-01-03', 2, 'Male', 'false'),
(264, 'Samantha', 'Lantuffe', 'slantuffe6r@ezinearticles.com', '42317686202361', '8bO1UucgqDEz', 2, 'slantuffe6r', '1994-10-01', 2, 'Female', 'false'),
(265, 'Lucine', 'Rotge', 'lrotge6s@creativecommons.org', '87909643662873', 'SiZRwuUSUSV', 1, 'lrotge6s', '1997-11-07', 2, 'Female', 'false'),
(266, 'Miquela', 'Spafford', 'mspafford6t@t-online.de', '87411440899281', 'Lm1Fj1LPvTMA', 2, 'mspafford6t', '1997-12-10', 2, 'Female', 'false'),
(267, 'Langston', 'Matej', 'lmatej6u@hc360.com', '52945349240495', 'MPrXWa', 2, 'lmatej6u', '1993-07-11', 2, 'Male', 'false'),
(268, 'Elston', 'Cookson', 'ecookson6v@mysql.com', '85521070782751', '9fApcUEmmk', 1, 'ecookson6v', '1995-01-10', 2, 'Male', 'false'),
(269, 'Bernhard', 'Meddings', 'bmeddings6w@woothemes.com', '76000650576925', 'TmzlKbD', 1, 'bmeddings6w', '1998-09-14', 2, 'Male', 'false'),
(270, 'Farleigh', 'McGarahan', 'fmcgarahan6x@imdb.com', '92740263901170', 'gr0WrIMOUPMU', 2, 'fmcgarahan6x', '1994-10-29', 2, 'Male', 'false'),
(271, 'Emmye', 'Tyce', 'etyce6y@pinterest.com', '10691849434601', 'FIcGpqK3uA', 1, 'etyce6y', '1992-01-11', 2, 'Female', 'false'),
(272, 'Dina', 'Blythe', 'dblythe6z@mac.com', '50130560723346', 'MYNWBR', 2, 'dblythe6z', '1994-03-22', 2, 'Female', 'false'),
(273, 'Bink', 'Gulleford', 'bgulleford70@google.nl', '77257001990365', 'cxmzqT0YcH', 3, 'bgulleford70', '1995-02-04', 2, 'Male', 'false'),
(274, 'Dionis', 'Vasyagin', 'dvasyagin71@typepad.com', '58119288859536', '86cpbc', 3, 'dvasyagin71', '1996-07-29', 2, 'Female', 'false'),
(275, 'Darda', 'Affron', 'daffron72@hubpages.com', '48094653414247', 'HUG0EPPY', 2, 'daffron72', '1991-05-27', 2, 'Female', 'false'),
(276, 'Chastity', 'Malkinson', 'cmalkinson73@google.ca', '25949171991579', 'RJ98cw86OEd', 1, 'cmalkinson73', '1992-05-04', 2, 'Female', 'false'),
(277, 'Brok', 'Brunon', 'bbrunon74@unicef.org', '25036435392508', 'UEzw5sjsn0Q', 3, 'bbrunon74', '1993-08-25', 2, 'Male', 'false'),
(278, 'Giacomo', 'Dalston', 'gdalston75@jiathis.com', '94691194653767', '6rRDsx', 3, 'gdalston75', '1996-08-06', 2, 'Male', 'false'),
(279, 'Elladine', 'Martinuzzi', 'emartinuzzi76@lulu.com', '37169660699965', '9MVwTXiF', 2, 'emartinuzzi76', '1999-12-03', 2, 'Female', 'false'),
(280, 'Chiquita', 'Rampage', 'crampage77@merriam-webster.com', '90474108852853', '08xIxmQV', 2, 'crampage77', '1991-06-02', 2, 'Female', 'false'),
(281, 'Saundra', 'Brackenridge', 'sbrackenridge78@webeden.co.uk', '61348212805107', 'qSMs6VAs56A', 1, 'sbrackenridge78', '1997-03-31', 2, 'Female', 'false'),
(282, 'Roscoe', 'Kiessel', 'rkiessel79@canalblog.com', '69878654720845', '5bl2fLssNO', 2, 'rkiessel79', '1991-12-23', 2, 'Male', 'false'),
(283, 'Morris', 'Colbridge', 'mcolbridge7a@clickbank.net', '60387648100229', 'dcbwzXm', 2, 'mcolbridge7a', '1991-04-19', 2, 'Male', 'false'),
(284, 'Danice', 'Sidery', 'dsidery7b@ocn.ne.jp', '21668870001847', 'VvIfaRhZt', 2, 'dsidery7b', '1993-08-30', 2, 'Female', 'false'),
(285, 'Mackenzie', 'Simmers', 'msimmers7c@thetimes.co.uk', '76609339063344', 'eSAKEmB0', 2, 'msimmers7c', '1994-10-13', 2, 'Male', 'false'),
(286, 'Demetris', 'Brittoner', 'dbrittoner7d@zdnet.com', '80440861485823', 'nyL9WZRV', 2, 'dbrittoner7d', '1998-11-13', 2, 'Female', 'false'),
(287, 'Orelle', 'Heritege', 'oheritege7e@studiopress.com', '13742832600494', 'Zwu2gd', 3, 'oheritege7e', '1992-04-28', 2, 'Female', 'false'),
(288, 'Michelle', 'Moss', 'mmoss7f@tamu.edu', '38763409145405', '3HuTp2', 1, 'mmoss7f', '1999-11-21', 2, 'Female', 'false'),
(289, 'Dasi', 'Buckham', 'dbuckham7g@youtube.com', '62791439606570', 'tLB3G0n', 1, 'dbuckham7g', '1993-11-09', 2, 'Female', 'false'),
(290, 'Roseline', 'Dominico', 'rdominico7h@hp.com', '78115017153265', 'j4qqk5mhMbz', 2, 'rdominico7h', '1996-07-07', 2, 'Female', 'false'),
(291, 'Creighton', 'Crippen', 'ccrippen7i@smugmug.com', '83298495722936', 'PRjo762peuE2', 1, 'ccrippen7i', '1991-06-12', 2, 'Male', 'false'),
(292, 'Pepe', 'Mathouse', 'pmathouse7j@t-online.de', '61663813874119', 'h3e7lIQ', 3, 'pmathouse7j', '1995-06-20', 2, 'Male', 'false'),
(293, 'Lemuel', 'Forestel', 'lforestel7k@squidoo.com', '35942123248927', 'lRr22HKuz', 2, 'lforestel7k', '1994-11-27', 2, 'Male', 'false'),
(294, 'Olwen', 'Yurygyn', 'oyurygyn7l@google.es', '74733193895721', 'P4CLxCNJg', 2, 'oyurygyn7l', '1999-01-01', 2, 'Female', 'false'),
(295, 'Berty', 'Kingswood', 'bkingswood7m@ocn.ne.jp', '21600342717438', 'Wli5Cq', 3, 'bkingswood7m', '1991-08-14', 2, 'Male', 'false'),
(296, 'Cullie', 'D\'Elia', 'cdelia7n@sourceforge.net', '45736477012736', 'RU2HmF4kRk', 2, 'cdelia7n', '1995-01-30', 2, 'Male', 'false'),
(297, 'Ida', 'MacGillicuddy', 'imacgillicuddy7o@elegantthemes.com', '23101119094184', 'VcHo98v', 1, 'imacgillicuddy7o', '1996-08-18', 2, 'Female', 'false'),
(298, 'Marshall', 'Yanov', 'myanov7p@chron.com', '47708116119227', 'ENqS12Vmx7g', 3, 'myanov7p', '1995-03-22', 2, 'Male', 'false'),
(299, 'Ahmed', 'Waberer', 'awaberer7q@amazonaws.com', '67650546383778', 'gOpa2PxGX', 2, 'awaberer7q', '1997-10-04', 2, 'Male', 'false'),
(300, 'Matilda', 'Barhem', 'mbarhem7r@ezinearticles.com', '47965129281029', 'xkpmHRspnj', 1, 'mbarhem7r', '1998-08-30', 2, 'Female', 'false'),
(301, 'Sisely', 'Midson', 'smidson7s@symantec.com', '48154808446651', 'XAyshH', 2, 'smidson7s', '1999-05-12', 2, 'Female', 'false'),
(302, 'Corrine', 'Goodfield', 'cgoodfield7t@etsy.com', '43000624980019', 'EFWnVxl', 3, 'cgoodfield7t', '1999-01-06', 2, 'Female', 'false'),
(303, 'Rabi', 'McCaughren', 'rmccaughren7u@xrea.com', '67603680329035', '9cFnXGq', 3, 'rmccaughren7u', '1997-08-22', 2, 'Male', 'false'),
(304, 'Gale', 'Sarfas', 'gsarfas7v@home.pl', '31326789061625', 'gQv2O0V0B', 2, 'gsarfas7v', '1994-02-01', 2, 'Female', 'false'),
(305, 'Sydel', 'McCuaig', 'smccuaig7w@mac.com', '27772543597887', 'WuYLSP', 3, 'smccuaig7w', '1992-02-08', 2, 'Female', 'false'),
(306, 'Beverie', 'Matuschek', 'bmatuschek7x@hud.gov', '38851933394214', '5iFsA3ou', 1, 'bmatuschek7x', '1995-01-18', 2, 'Female', 'false'),
(307, 'Steward', 'Desouza', 'sdesouza7y@meetup.com', '28240886587823', 'yXKvZs', 2, 'sdesouza7y', '1995-07-25', 2, 'Male', 'false'),
(308, 'Kinna', 'Mateescu', 'kmateescu7z@xrea.com', '58612434928021', 'GvlkEpMYn', 1, 'kmateescu7z', '1997-09-15', 2, 'Female', 'false'),
(309, 'Anna-diane', 'Foxcroft', 'afoxcroft80@ustream.tv', '51783115822529', 'mQzb4mL9vOb', 2, 'afoxcroft80', '1993-08-07', 2, 'Female', 'false'),
(310, 'Horace', 'Wayt', 'hwayt81@homestead.com', '24443345069656', 'eUO544Vj1', 1, 'hwayt81', '1993-12-01', 2, 'Male', 'false'),
(311, 'Cletus', 'Ulrik', 'culrik82@google.fr', '76692958777528', 'qlcU9T2PiOy', 2, 'culrik82', '1994-03-22', 2, 'Male', 'false'),
(312, 'Rachel', 'Malam', 'rmalam83@biglobe.ne.jp', '41179773496311', '5FW1D2KyI', 3, 'rmalam83', '1992-07-19', 2, 'Female', 'false'),
(313, 'Thaddus', 'Mountfort', 'tmountfort84@redcross.org', '55718965655129', '2XpcjgxNW6', 3, 'tmountfort84', '2000-05-06', 2, 'Male', 'false'),
(314, 'Cathrin', 'Stayt', 'cstayt85@tinyurl.com', '26705046174491', 'RZzQsLs', 3, 'cstayt85', '1992-05-10', 2, 'Female', 'false'),
(315, 'Keely', 'Du Pre', 'kdupre86@goodreads.com', '99246664169399', '0aqaBOeH', 3, 'kdupre86', '1995-08-11', 2, 'Female', 'false'),
(316, 'Nert', 'Bendle', 'nbendle87@pen.io', '79101093388748', 'irIrdB5rwe', 2, 'nbendle87', '1995-05-12', 2, 'Female', 'false'),
(317, 'Irina', 'Heinonen', 'iheinonen88@google.de', '64984211319707', 'OWVzLf', 1, 'iheinonen88', '1994-06-26', 2, 'Female', 'false'),
(318, 'Barn', 'Spaice', 'bspaice89@istockphoto.com', '77094908157862', 'J0meKa455', 3, 'bspaice89', '1993-07-01', 2, 'Male', 'false'),
(319, 'Becka', 'Goodge', 'bgoodge8a@liveinternet.ru', '84350620529213', 'qfHcgCbITN', 2, 'bgoodge8a', '1992-03-30', 2, 'Female', 'false'),
(320, 'Jereme', 'Jonsson', 'jjonsson8b@ox.ac.uk', '16786855762484', 'x4am06Tt', 3, 'jjonsson8b', '1994-04-17', 2, 'Male', 'false'),
(321, 'Lacey', 'Dessaur', 'ldessaur8c@paginegialle.it', '78069700390106', '6dD2vQNaXr', 1, 'ldessaur8c', '1991-05-23', 2, 'Female', 'false'),
(322, 'Arri', 'Penhaleurack', 'apenhaleurack8d@live.com', '93131161431353', 'lDul8AMpSM', 2, 'apenhaleurack8d', '1998-01-30', 2, 'Male', 'false'),
(323, 'Johnnie', 'O\'Cleary', 'jocleary8e@indiatimes.com', '93818614919244', 'f2dtwV8A9', 2, 'jocleary8e', '2000-05-10', 2, 'Male', 'false'),
(324, 'Christy', 'Sealeaf', 'csealeaf8f@theatlantic.com', '58747894537605', 'G4ZO8O', 3, 'csealeaf8f', '1996-03-18', 2, 'Female', 'false'),
(325, 'Zuzana', 'Roblett', 'zroblett8g@netvibes.com', '18834216965969', '2t6a7CCWar4E', 3, 'zroblett8g', '1997-04-12', 2, 'Female', 'false'),
(326, 'Bernadine', 'Duhig', 'bduhig8h@cornell.edu', '85070217885554', 'Aj0G6HgJ', 2, 'bduhig8h', '1995-07-03', 2, 'Female', 'false'),
(327, 'Dorita', 'Pittel', 'dpittel8i@webnode.com', '88157169669828', 't1P9zBXcI', 3, 'dpittel8i', '1999-05-29', 2, 'Female', 'false'),
(328, 'Rosalinda', 'Horlock', 'rhorlock8j@wordpress.com', '37206280186204', 'BermRxfggY', 2, 'rhorlock8j', '1993-10-17', 2, 'Female', 'false'),
(329, 'Lorinda', 'Carlet', 'lcarlet8k@samsung.com', '34646260546402', 'YTcC5C8N', 2, 'lcarlet8k', '1992-10-31', 2, 'Female', 'false'),
(330, 'Milly', 'Dace', 'mdace8l@mozilla.com', '78006200896605', 'y8bGAbkLg7J', 2, 'mdace8l', '1993-02-05', 2, 'Female', 'false'),
(331, 'Field', 'Crothers', 'fcrothers8m@51.la', '11059404592853', '5L5Dozfy', 2, 'fcrothers8m', '1999-02-08', 2, 'Male', 'false'),
(332, 'Portie', 'Rogeon', 'progeon8n@harvard.edu', '60771864757297', 'GROWjXM', 3, 'progeon8n', '1996-04-03', 2, 'Male', 'false'),
(333, 'Kalle', 'Milazzo', 'kmilazzo8o@engadget.com', '59159823093050', 'VCRFQN7', 2, 'kmilazzo8o', '1995-09-20', 2, 'Male', 'false'),
(334, 'Viole', 'Cuttings', 'vcuttings8p@addthis.com', '84995857618421', 'WzmJJPg4jcoj', 1, 'vcuttings8p', '1998-03-24', 2, 'Female', 'false'),
(335, 'Patrick', 'Aire', 'paire8q@auda.org.au', '63881650021094', 'O4iZhUh', 2, 'paire8q', '1992-09-22', 2, 'Male', 'false'),
(336, 'Jessalyn', 'Willett', 'jwillett8r@deliciousdays.com', '70855875411056', 'Orle7ePj9Mf', 3, 'jwillett8r', '1997-01-05', 2, 'Female', 'false'),
(337, 'Marchall', 'Muscroft', 'mmuscroft8s@google.com.br', '78910345951498', 'KCfSzy1XPWL', 3, 'mmuscroft8s', '1999-03-21', 2, 'Male', 'false'),
(338, 'Tildy', 'Faraker', 'tfaraker8t@4shared.com', '22625581899194', 'WPjKsHOTy2', 1, 'tfaraker8t', '1990-08-21', 2, 'Female', 'false'),
(339, 'Claresta', 'Deeney', 'cdeeney8u@xrea.com', '59263877977638', 'oCcOInly', 2, 'cdeeney8u', '1998-11-09', 2, 'Female', 'false'),
(340, 'Gallard', 'Wethered', 'gwethered8v@g.co', '36498458787904', 'jhPbXEuU', 1, 'gwethered8v', '1993-08-18', 2, 'Male', 'false'),
(341, 'Phyllis', 'Rylstone', 'prylstone8w@illinois.edu', '65670393256846', 'bttEyMnOof', 2, 'prylstone8w', '1993-02-22', 2, 'Female', 'false'),
(342, 'Adolf', 'Andreucci', 'aandreucci8x@xing.com', '40016862550659', 'gaO5FWzg', 2, 'aandreucci8x', '2000-04-15', 2, 'Male', 'false'),
(343, 'Alfie', 'Oram', 'aoram8y@mozilla.org', '22000991239631', 'XvdAKf7PV', 1, 'aoram8y', '1996-02-28', 2, 'Female', 'false'),
(344, 'Tansy', 'Seely', 'tseely8z@google.com.hk', '61282669912860', '3BRTEjxmeK', 3, 'tseely8z', '1997-03-24', 2, 'Female', 'false'),
(345, 'Cordy', 'Cucinotta', 'ccucinotta90@mapquest.com', '24648728658027', 'JSrMpwe', 2, 'ccucinotta90', '1999-04-06', 2, 'Female', 'false'),
(346, 'Humberto', 'Nelthorpe', 'hnelthorpe91@ucoz.ru', '17788931533597', 's2hV3af4', 3, 'hnelthorpe91', '1992-12-28', 2, 'Male', 'false'),
(347, 'Melamie', 'Tatlowe', 'mtatlowe92@thetimes.co.uk', '95142141687751', 'NM7B7yVeCRf', 3, 'mtatlowe92', '1999-04-28', 2, 'Female', 'false'),
(348, 'Dion', 'Yellowlea', 'dyellowlea93@thetimes.co.uk', '12122081995985', 'sk31eIqe4', 3, 'dyellowlea93', '1992-01-03', 2, 'Male', 'false'),
(349, 'Reinald', 'Garlette', 'rgarlette94@google.es', '46459338655402', 'bvotSht3fwE', 3, 'rgarlette94', '1994-05-14', 2, 'Male', 'false'),
(350, 'Lester', 'Reason', 'lreason95@angelfire.com', '34475663452815', 'jcANaB', 3, 'lreason95', '1993-04-26', 2, 'Male', 'false'),
(351, 'Tedra', 'Thomazet', 'tthomazet96@virginia.edu', '38215629053554', 'DKwmVy', 2, 'tthomazet96', '1999-01-04', 2, 'Female', 'false'),
(352, 'Cassondra', 'Laverock', 'claverock97@state.tx.us', '56121320949656', 'nadiWCLlp27Z', 2, 'claverock97', '1993-03-27', 2, 'Female', 'false'),
(353, 'Jaquelyn', 'Godrich', 'jgodrich98@opensource.org', '59710836278399', 'pt0Eaq9Qw', 3, 'jgodrich98', '1996-12-08', 2, 'Female', 'false'),
(354, 'Trstram', 'Choules', 'tchoules99@admin.ch', '80309286882011', 'MrEFqvU', 2, 'tchoules99', '1990-10-27', 2, 'Male', 'false'),
(355, 'Charisse', 'Girdlestone', 'cgirdlestone9a@creativecommons.org', '33470817466421', 'sJrj69uq6', 3, 'cgirdlestone9a', '1995-10-30', 2, 'Female', 'false'),
(356, 'Jammal', 'McElree', 'jmcelree9b@purevolume.com', '97378095970322', 'UwkdbEx0jt', 2, 'jmcelree9b', '1994-03-26', 2, 'Male', 'false'),
(357, 'Lexy', 'Moan', 'lmoan9c@opera.com', '69672800441436', 'nybCH9E4Gor', 1, 'lmoan9c', '1993-07-13', 2, 'Female', 'false'),
(358, 'Ruthie', 'Hourihane', 'rhourihane9d@youtube.com', '85935135619559', 'NLxP07kKD', 1, 'rhourihane9d', '1993-04-13', 2, 'Female', 'false'),
(359, 'Jules', 'Kalewe', 'jkalewe9e@fema.gov', '43693285680535', 'sT3hKTHcdK', 1, 'jkalewe9e', '1999-07-25', 2, 'Male', 'false'),
(360, 'Trix', 'Castana', 'tcastana9f@squidoo.com', '15319720774506', '4sloQZ6', 3, 'tcastana9f', '2000-02-26', 2, 'Female', 'false'),
(361, 'Tremaine', 'Street', 'tstreet9g@pagesperso-orange.fr', '44021876104854', '9pVelqx', 3, 'tstreet9g', '1991-03-25', 2, 'Male', 'false'),
(362, 'Mitch', 'Fincher', 'mfincher9h@oakley.com', '70941684429884', 'XaHTq64', 1, 'mfincher9h', '1997-12-12', 2, 'Male', 'false'),
(363, 'Alastair', 'Ives', 'aives9i@sina.com.cn', '48146177645370', 'oraG5jkqaf8', 2, 'aives9i', '1995-06-05', 2, 'Male', 'false'),
(364, 'Harwilll', 'Bulford', 'hbulford9j@cnbc.com', '98983346890606', '0AxFdK', 1, 'hbulford9j', '1995-07-08', 2, 'Male', 'false'),
(365, 'Gigi', 'Ashness', 'gashness9k@utexas.edu', '82230303830788', 'r8kQAukcMP', 1, 'gashness9k', '1994-04-30', 2, 'Female', 'false'),
(366, 'Keenan', 'Luppitt', 'kluppitt9l@apple.com', '31910864128008', '3O8H8GGF5v', 1, 'kluppitt9l', '1998-02-15', 2, 'Male', 'false'),
(367, 'Ban', 'Kaminski', 'bkaminski9m@qq.com', '22872967034179', 'edaNYXzi6KLp', 1, 'bkaminski9m', '2000-05-14', 2, 'Male', 'false'),
(368, 'Lusa', 'Hummerston', 'lhummerston9n@gizmodo.com', '43442898803712', 'ZAd9UVC2', 3, 'lhummerston9n', '1993-04-03', 2, 'Female', 'false'),
(369, 'Ricky', 'Janecki', 'rjanecki9o@abc.net.au', '82671072835424', '9DaRvR8', 1, 'rjanecki9o', '1992-09-01', 2, 'Male', 'false'),
(370, 'Norris', 'Lethcoe', 'nlethcoe9p@nifty.com', '85736862627895', 'HNon5Lw5MOWw', 3, 'nlethcoe9p', '1999-08-26', 2, 'Male', 'false'),
(371, 'Hayyim', 'Twede', 'htwede9q@narod.ru', '54046704482032', 'Iwi1K3S', 3, 'htwede9q', '1991-01-07', 2, 'Male', 'false'),
(372, 'Gretta', 'Gatrell', 'ggatrell9r@prnewswire.com', '39089711177929', 'WJY45Fhq', 2, 'ggatrell9r', '1996-09-12', 2, 'Female', 'false'),
(373, 'Richart', 'Benezeit', 'rbenezeit9s@merriam-webster.com', '92262127347219', '68dJ03vojEB', 1, 'rbenezeit9s', '1997-08-13', 2, 'Male', 'false'),
(374, 'Dayle', 'Collete', 'dcollete9t@bloglovin.com', '96645602649537', 'PGRTkdU', 2, 'dcollete9t', '1995-10-22', 2, 'Female', 'false'),
(375, 'Bogart', 'Warbys', 'bwarbys9u@reddit.com', '90185540151589', 'F8Wc3KRXowa3', 1, 'bwarbys9u', '1990-10-20', 2, 'Male', 'false'),
(376, 'Freddie', 'Oldam', 'foldam9v@storify.com', '38936227127614', 'SXyovEjIgdi', 2, 'foldam9v', '1996-11-21', 2, 'Female', 'false');
INSERT INTO `user` (`id`, `firstname`, `lastname`, `email`, `socialnumber`, `password`, `usertypeid`, `username`, `dob`, `addressid`, `gender`, `isdeleted`) VALUES
(377, 'Gunar', 'Gotthard', 'ggotthard9w@ed.gov', '95419846820914', 'xLZDCSlW5', 2, 'ggotthard9w', '1995-03-03', 2, 'Male', 'false'),
(378, 'Alex', 'Jahner', 'ajahner9x@wired.com', '72690313585485', 'IEdC7BLRBR', 2, 'ajahner9x', '1995-03-24', 2, 'Female', 'false'),
(379, 'Chaunce', 'Boulton', 'cboulton9y@cdc.gov', '92790590085703', '4ne0t0UtZFyN', 3, 'cboulton9y', '1995-08-08', 2, 'Male', 'false'),
(380, 'Maribelle', 'Girvan', 'mgirvan9z@omniture.com', '54421903990702', '2jdAd1', 1, 'mgirvan9z', '1998-09-24', 2, 'Female', 'false'),
(381, 'Cassy', 'Liccardi', 'cliccardia0@time.com', '86550724682516', 'Kia2SoPqNg4', 1, 'cliccardia0', '1995-06-29', 2, 'Female', 'false'),
(382, 'John', 'Dooler', 'jdoolera1@senate.gov', '26218642263350', 'zVjq1YhTCeBq', 3, 'jdoolera1', '1991-04-05', 2, 'Male', 'false'),
(383, 'Ellery', 'Shipman', 'eshipmana2@ihg.com', '60808393065085', 'BcaTIwX', 3, 'eshipmana2', '1996-10-14', 2, 'Male', 'false'),
(384, 'Aldridge', 'Portwaine', 'aportwainea3@bbc.co.uk', '12938816109008', 'WJwI61', 2, 'aportwainea3', '2000-02-03', 2, 'Male', 'false'),
(385, 'Ariana', 'Nellis', 'anellisa4@gmpg.org', '86819480173375', '50WDLMEybi', 2, 'anellisa4', '1998-06-10', 2, 'Female', 'false'),
(386, 'Kasey', 'McCarver', 'kmccarvera5@usa.gov', '10560454124532', 'uzZc1c', 3, 'kmccarvera5', '1990-07-30', 2, 'Female', 'false'),
(387, 'Petrina', 'Schwier', 'pschwiera6@usda.gov', '27780798039614', 'zoyEOe300v6', 1, 'pschwiera6', '1993-08-23', 2, 'Female', 'false'),
(388, 'Olivier', 'Saich', 'osaicha7@printfriendly.com', '62183952670319', 'ZfDZUzc', 3, 'osaicha7', '1996-03-14', 2, 'Male', 'false'),
(389, 'Melonie', 'Buswell', 'mbuswella8@ucoz.com', '89342580350946', 'y16g9lYXV', 2, 'mbuswella8', '1993-08-03', 2, 'Female', 'false'),
(390, 'Querida', 'Monteath', 'qmonteatha9@ibm.com', '40929495913599', '7zR7UJ26MN0', 3, 'qmonteatha9', '1996-05-22', 2, 'Female', 'false'),
(391, 'Milton', 'Mustoo', 'mmustooaa@reddit.com', '40816763731233', 'rkFqjAHZ', 1, 'mmustooaa', '1997-08-15', 2, 'Male', 'false'),
(392, 'Hobey', 'Darwin', 'hdarwinab@pinterest.com', '75139389995317', 'iVecK4kFM', 2, 'hdarwinab', '1992-10-04', 2, 'Male', 'false'),
(393, 'Sunshine', 'Godman', 'sgodmanac@weebly.com', '11629916894613', '2hLOoBbef6A', 3, 'sgodmanac', '1997-07-31', 2, 'Female', 'false'),
(394, 'Molli', 'Cocksedge', 'mcocksedgead@ftc.gov', '17582915785313', 'jf7gbUJ', 1, 'mcocksedgead', '1991-06-21', 2, 'Female', 'false'),
(395, 'Karoline', 'Soanes', 'ksoanesae@google.com.au', '62380548444129', 'QPFgkiX', 1, 'ksoanesae', '1999-05-01', 2, 'Female', 'false'),
(396, 'Marjie', 'Rhoades', 'mrhoadesaf@amazon.co.uk', '73886172741211', '0Lqs9IH5', 2, 'mrhoadesaf', '1991-12-06', 2, 'Female', 'false'),
(397, 'Simeon', 'Litterick', 'slitterickag@wordpress.com', '58812452448316', 'lqDhcVbKB', 2, 'slitterickag', '1991-10-30', 2, 'Male', 'false'),
(398, 'Codie', 'Peperell', 'cpeperellah@about.com', '64082955517263', 'eP6Wxd', 2, 'cpeperellah', '1999-09-28', 2, 'Male', 'false'),
(399, 'Germain', 'Erskine Sandys', 'gerskinesandysai@discovery.com', '56903686757398', 'aLik3Xnoqqkl', 2, 'gerskinesandysai', '1998-03-06', 2, 'Female', 'false'),
(400, 'Darcie', 'Shires', 'dshiresaj@instagram.com', '95581831169449', 'm5q8UaGQKU', 2, 'dshiresaj', '1996-05-27', 2, 'Female', 'false'),
(401, 'Tod', 'Everit', 'teveritak@ucla.edu', '63909450601738', 'i0Kcdo1muWN', 3, 'teveritak', '1992-10-21', 2, 'Male', 'false'),
(402, 'Adolpho', 'Crown', 'acrownal@gov.uk', '67983072696110', 'VUhISJY4dG', 1, 'acrownal', '1991-02-08', 2, 'Male', 'false'),
(403, 'Alberik', 'Grierson', 'agriersonam@yandex.ru', '80877183989774', 'zbT1t66bpfh', 1, 'agriersonam', '1992-02-27', 2, 'Male', 'false'),
(404, 'Edik', 'Gotmann', 'egotmannan@pcworld.com', '98521501883093', '4gnoxJ', 2, 'egotmannan', '1995-06-25', 2, 'Male', 'false'),
(405, 'Theresina', 'Scholtz', 'tscholtzao@uiuc.edu', '54159881694547', '41ryA5QNDcDK', 1, 'tscholtzao', '2000-02-18', 2, 'Female', 'false'),
(406, 'Perren', 'Danahar', 'pdanaharap@chronoengine.com', '35373771211721', 'QM4j0ivUJnvk', 3, 'pdanaharap', '1994-08-21', 2, 'Male', 'false'),
(407, 'Kilian', 'Frary', 'kfraryaq@census.gov', '17428425168918', 'CF3Mbpoyg', 3, 'kfraryaq', '1996-11-22', 2, 'Male', 'false'),
(408, 'Krispin', 'Vanyakin', 'kvanyakinar@engadget.com', '16733842782076', '9NWmecCO1', 2, 'kvanyakinar', '1999-07-16', 2, 'Male', 'false'),
(409, 'Lyda', 'Nisco', 'lniscoas@baidu.com', '16341312960832', 'H0bv3VmP', 2, 'lniscoas', '1993-08-04', 2, 'Female', 'false'),
(410, 'Caritta', 'Bartczak', 'cbartczakat@vinaora.com', '14360439819275', 'V5XTX4n9JF2z', 2, 'cbartczakat', '1996-09-28', 2, 'Female', 'false'),
(411, 'Den', 'Milroy', 'dmilroyau@reverbnation.com', '47264701143474', 'OU0Iep', 1, 'dmilroyau', '1990-10-30', 2, 'Male', 'false'),
(412, 'Piggy', 'Kiefer', 'pkieferav@devhub.com', '39405581372855', '0oIgMj', 1, 'pkieferav', '1994-12-13', 2, 'Male', 'false'),
(413, 'Gino', 'Partener', 'gparteneraw@alexa.com', '46911700944077', 'SbxQcAcwm8rW', 1, 'gparteneraw', '1992-05-09', 2, 'Male', 'false'),
(414, 'Sue', 'Pennini', 'spenniniax@tinyurl.com', '29468218580747', 'jC6cbP', 1, 'spenniniax', '1992-12-24', 2, 'Female', 'false'),
(415, 'Neville', 'Summergill', 'nsummergillay@apple.com', '90345258916963', 'oy4nYSiqX', 3, 'nsummergillay', '1999-05-30', 2, 'Male', 'false'),
(416, 'Zachery', 'Maruszewski', 'zmaruszewskiaz@ebay.co.uk', '61068950450064', 'iG5EraVvEMMv', 1, 'zmaruszewskiaz', '2000-04-16', 2, 'Male', 'false'),
(417, 'Pepillo', 'Rosenstengel', 'prosenstengelb0@example.com', '20293776748481', 'npCEdaCE', 1, 'prosenstengelb0', '2000-02-13', 2, 'Male', 'false'),
(418, 'Ring', 'Gumary', 'rgumaryb1@hp.com', '44403080529485', 'XsZEa3kc1', 2, 'rgumaryb1', '1992-08-06', 2, 'Male', 'false'),
(419, 'Brnaby', 'Godsell', 'bgodsellb2@sfgate.com', '58522074642472', 'GDma9A5', 3, 'bgodsellb2', '1996-06-26', 2, 'Male', 'false'),
(420, 'Chlo', 'McIlenna', 'cmcilennab3@hugedomains.com', '59357806178758', 'i2Xz6b', 3, 'cmcilennab3', '1997-05-12', 2, 'Female', 'false'),
(421, 'Lawrence', 'Kubat', 'lkubatb4@addtoany.com', '88509331488234', 'JrHubxXqeKl', 1, 'lkubatb4', '1993-02-18', 2, 'Male', 'false'),
(422, 'Germain', 'Milliken', 'gmillikenb5@psu.edu', '57934906284687', 'm0FLeitPXGDG', 3, 'gmillikenb5', '1992-08-23', 2, 'Female', 'false'),
(423, 'Camel', 'Goodger', 'cgoodgerb6@squarespace.com', '88083517027808', 'wjBgHJcWly4', 1, 'cgoodgerb6', '1992-10-23', 2, 'Female', 'false'),
(424, 'Auguste', 'Anfosso', 'aanfossob7@blog.com', '34950886514286', 'fwKbfxS', 3, 'aanfossob7', '1993-04-16', 2, 'Female', 'false'),
(425, 'Annmaria', 'Beardsell', 'abeardsellb8@google.co.jp', '83768943123447', 'GNUYlWVQcmM', 3, 'abeardsellb8', '1992-10-10', 2, 'Female', 'false'),
(426, 'Aila', 'D\'eye', 'adeyeb9@linkedin.com', '78022562361058', 'VOsKnDu5xH92', 2, 'adeyeb9', '1996-05-31', 2, 'Female', 'false'),
(427, 'Petrina', 'Vizor', 'pvizorba@pinterest.com', '92920156380840', 'HTRXubxnS2dZ', 1, 'pvizorba', '1998-07-09', 2, 'Female', 'false'),
(428, 'Pierre', 'Sehorsch', 'psehorschbb@yellowpages.com', '27976699418184', 'W1KVJd69AO', 3, 'psehorschbb', '1991-05-13', 2, 'Male', 'false'),
(429, 'Fernanda', 'Durden', 'fdurdenbc@mozilla.com', '19374029252586', 'IaaXLzFUQ', 1, 'fdurdenbc', '1995-04-11', 2, 'Female', 'false'),
(430, 'Rosene', 'Lucchi', 'rlucchibd@bbb.org', '19492771894350', 'OhKfrx0L', 1, 'rlucchibd', '1998-03-04', 2, 'Female', 'false'),
(431, 'Godfree', 'Watmough', 'gwatmoughbe@boston.com', '68177572727986', 'YQwdKQ37Flot', 3, 'gwatmoughbe', '1994-08-08', 2, 'Male', 'false'),
(432, 'Elsy', 'Hedman', 'ehedmanbf@nhs.uk', '45713176117132', '3iQYIWGXEJFP', 3, 'ehedmanbf', '1996-05-31', 2, 'Female', 'false'),
(433, 'Ferrel', 'Kearsley', 'fkearsleybg@ning.com', '35979199721889', 'BWOa4c9Nd', 3, 'fkearsleybg', '1997-04-29', 2, 'Male', 'false'),
(434, 'Roselle', 'Norledge', 'rnorledgebh@thetimes.co.uk', '94773385740775', '9UgWaOG2m1', 1, 'rnorledgebh', '1996-08-14', 2, 'Female', 'false'),
(435, 'Nonnah', 'Catherick', 'ncatherickbi@infoseek.co.jp', '47828354215109', '8e6I8v', 1, 'ncatherickbi', '1993-02-23', 2, 'Female', 'false'),
(436, 'Luke', 'Titman', 'ltitmanbj@dyndns.org', '62621197454816', 'FOxUxlsaTvx', 1, 'ltitmanbj', '1999-06-01', 2, 'Male', 'false'),
(437, 'Lammond', 'De Cristofalo', 'ldecristofalobk@nba.com', '66590194150476', 'N6qJyE', 2, 'ldecristofalobk', '1991-12-29', 2, 'Male', 'false'),
(438, 'Clarinda', 'Markus', 'cmarkusbl@amazon.de', '86106501165750', '1SZa2u', 1, 'cmarkusbl', '1999-06-17', 2, 'Female', 'false'),
(439, 'Mehetabel', 'Lulham', 'mlulhambm@gizmodo.com', '26607973015488', 'vmzNyuga7', 2, 'mlulhambm', '1999-04-20', 2, 'Female', 'false'),
(440, 'Reeva', 'Dorbon', 'rdorbonbn@list-manage.com', '99474457706921', 'm0ruaul', 1, 'rdorbonbn', '1992-10-20', 2, 'Female', 'false'),
(441, 'Gregorius', 'Van Der Straaten', 'gvanderstraatenbo@tinypic.com', '32432871594329', 'AhQw9Tle', 1, 'gvanderstraatenbo', '1997-04-16', 2, 'Male', 'false'),
(442, 'Vincenty', 'Falco', 'vfalcobp@bravesites.com', '76823429459601', 'MCgSMQmKIbz0', 1, 'vfalcobp', '1998-09-18', 2, 'Male', 'false'),
(443, 'Hale', 'Jacobowitz', 'hjacobowitzbq@bluehost.com', '95529818492159', 'qicz8h6R', 2, 'hjacobowitzbq', '2000-05-09', 2, 'Male', 'false'),
(444, 'Nickie', 'Kleynermans', 'nkleynermansbr@eepurl.com', '75655705165055', 'OGamCN', 3, 'nkleynermansbr', '1995-06-28', 2, 'Female', 'false'),
(445, 'Alfons', 'Orr', 'aorrbs@netlog.com', '72060107968468', 'i9WHZApJm', 1, 'aorrbs', '1995-12-23', 2, 'Male', 'false'),
(446, 'Jenn', 'Luther', 'jlutherbt@cloudflare.com', '53832638094208', '6Ua08Ra', 3, 'jlutherbt', '1999-01-13', 2, 'Female', 'false'),
(447, 'Marney', 'Caze', 'mcazebu@imageshack.us', '64163393703678', 'v2gnCaK', 1, 'mcazebu', '1997-06-13', 2, 'Female', 'false'),
(448, 'Brendon', 'Walesby', 'bwalesbybv@lycos.com', '52225871992084', 'y9K7VHlm', 2, 'bwalesbybv', '1992-02-06', 2, 'Male', 'false'),
(449, 'Jilly', 'Lafee', 'jlafeebw@weather.com', '54424997671906', '4bIImabJa', 3, 'jlafeebw', '1996-09-28', 2, 'Female', 'false'),
(450, 'Retha', 'Strutz', 'rstrutzbx@shinystat.com', '65434787780101', 'vezXiHdIwi', 2, 'rstrutzbx', '1998-02-03', 2, 'Female', 'false'),
(451, 'Derk', 'Parcells', 'dparcellsby@ezinearticles.com', '44906876346485', 'cHOWJ9gK', 2, 'dparcellsby', '1996-06-02', 2, 'Male', 'false'),
(452, 'Tracie', 'Icom', 'ticombz@opera.com', '22260985519079', '2QBVdd7ZSO', 3, 'ticombz', '1995-08-21', 2, 'Male', 'false'),
(453, 'Yuma', 'Wittey', 'ywitteyc0@mit.edu', '41914075445924', '67O8FXxh', 1, 'ywitteyc0', '1993-04-04', 2, 'Male', 'false'),
(454, 'Mauricio', 'Campos', 'mcamposc1@e-recht24.de', '90889208159285', 'XWqIgf', 3, 'mcamposc1', '1998-09-29', 2, 'Male', 'false'),
(455, 'Vaclav', 'Parlour', 'vparlourc2@hhs.gov', '86229764755869', '7EhnMnpxg', 3, 'vparlourc2', '1998-11-18', 2, 'Male', 'false'),
(456, 'Tomasine', 'Oddy', 'toddyc3@behance.net', '90387394459346', 'nZTKELppRI', 2, 'toddyc3', '1998-11-24', 2, 'Female', 'false'),
(457, 'Jack', 'Stennard', 'jstennardc4@blogspot.com', '84040732485722', 'uflQ7Ahb', 1, 'jstennardc4', '1997-06-24', 2, 'Male', 'false'),
(458, 'Josepha', 'Goldis', 'jgoldisc5@economist.com', '74593601723846', 'KVIOa5yabp', 3, 'jgoldisc5', '1993-10-02', 2, 'Female', 'false'),
(459, 'Editha', 'Skeemor', 'eskeemorc6@nifty.com', '31183193260676', '5gr1iZR7xk', 3, 'eskeemorc6', '1991-06-24', 2, 'Female', 'false'),
(460, 'Bryce', 'Edgington', 'bedgingtonc7@ycombinator.com', '36263010188516', 'zrWvxdHN3', 2, 'bedgingtonc7', '1992-04-17', 2, 'Male', 'false'),
(461, 'Huntington', 'Felder', 'hfelderc8@chronoengine.com', '70446871086189', '1dLgQUjTWa', 2, 'hfelderc8', '1995-07-28', 2, 'Male', 'false'),
(462, 'Ethelyn', 'Abramcik', 'eabramcikc9@boston.com', '91647908347141', 'LifAjhN', 1, 'eabramcikc9', '1997-02-28', 2, 'Female', 'false'),
(463, 'Llewellyn', 'Bredgeland', 'lbredgelandca@drupal.org', '26296082329194', 'lzCyCpGSvEf', 2, 'lbredgelandca', '1992-01-05', 2, 'Male', 'false'),
(464, 'Anya', 'Aickin', 'aaickincb@w3.org', '50631773158154', 'D9BiYVnFa', 2, 'aaickincb', '1993-12-08', 2, 'Female', 'false'),
(465, 'Wiatt', 'Iacovozzo', 'wiacovozzocc@amazonaws.com', '52517936472111', 'u1hSNQqQ', 3, 'wiacovozzocc', '1995-07-15', 2, 'Male', 'false'),
(466, 'Davidde', 'Caygill', 'dcaygillcd@house.gov', '76944599392007', 'mMPEQ8L0', 1, 'dcaygillcd', '1991-11-26', 2, 'Male', 'false'),
(467, 'Saloma', 'Deplacido', 'sdeplacidoce@merriam-webster.com', '31254199247709', 'PQbhOC8N', 3, 'sdeplacidoce', '1998-04-20', 2, 'Female', 'false'),
(468, 'Paul', 'Berney', 'pberneycf@wiley.com', '55199426624964', 'eeg64H', 1, 'pberneycf', '1998-03-31', 2, 'Male', 'false'),
(469, 'Worthy', 'Lynagh', 'wlynaghcg@tuttocitta.it', '10558339099953', 'JW11gwt', 3, 'wlynaghcg', '1990-12-22', 2, 'Male', 'false'),
(470, 'Aubry', 'Gierhard', 'agierhardch@china.com.cn', '68019359825994', 'Nqm35ys', 3, 'agierhardch', '1991-01-31', 2, 'Female', 'false'),
(471, 'Reuven', 'Tinner', 'rtinnerci@ucoz.com', '41004040205637', 'ilZQHd2vn2Kg', 1, 'rtinnerci', '1998-02-18', 2, 'Male', 'false'),
(472, 'Gannon', 'Seagar', 'gseagarcj@tripadvisor.com', '63753070114428', 'CnRjoWPLU6Kh', 3, 'gseagarcj', '1999-10-20', 2, 'Male', 'false'),
(473, 'Flore', 'Sydall', 'fsydallck@elegantthemes.com', '29213723578130', 'd8fUOE', 3, 'fsydallck', '1992-01-20', 2, 'Female', 'false'),
(474, 'Briant', 'Flobert', 'bflobertcl@linkedin.com', '31219909145152', 'vrRy91b', 2, 'bflobertcl', '1992-06-02', 2, 'Male', 'false'),
(475, 'Laughton', 'Noweak', 'lnoweakcm@google.ca', '89578072934755', 'tPnpBK9d4', 3, 'lnoweakcm', '1991-09-17', 2, 'Male', 'false'),
(476, 'Pansy', 'Valiant', 'pvaliantcn@ed.gov', '39439793734256', 'jYxHWuk6IxOh', 3, 'pvaliantcn', '1999-11-07', 2, 'Female', 'false'),
(477, 'Valry', 'Pury', 'vpuryco@cargocollective.com', '11983832105208', '61VLqflMhiK', 2, 'vpuryco', '1999-04-10', 2, 'Female', 'false'),
(478, 'Gena', 'ffrench Beytagh', 'gffrenchbeytaghcp@networkadvertising.org', '56616872891956', 'dbuh32', 2, 'gffrenchbeytaghcp', '1990-08-28', 2, 'Female', 'false'),
(479, 'Meryl', 'Varne', 'mvarnecq@fotki.com', '98506175676770', 'ffhixFses', 1, 'mvarnecq', '1995-10-20', 2, 'Female', 'false'),
(480, 'Hinda', 'Aslie', 'hasliecr@illinois.edu', '12486893448585', 'eHb0Epj', 2, 'hasliecr', '1997-01-13', 2, 'Female', 'false'),
(481, 'Krystyna', 'Rhoddie', 'krhoddiecs@sakura.ne.jp', '75504408252088', 'RYSwOPMS', 2, 'krhoddiecs', '1998-09-06', 2, 'Female', 'false'),
(482, 'Elbertina', 'Yandell', 'eyandellct@uiuc.edu', '94323431572658', 'SQ5JOQxzzS3', 3, 'eyandellct', '1996-02-16', 2, 'Female', 'false'),
(483, 'Natala', 'Denley', 'ndenleycu@miitbeian.gov.cn', '98361392741120', 'qZSB2ePFBuxh', 3, 'ndenleycu', '1993-04-27', 2, 'Female', 'false'),
(484, 'Bondie', 'Gilchriest', 'bgilchriestcv@hud.gov', '81283717122427', 'QC5wP79', 3, 'bgilchriestcv', '1996-04-26', 2, 'Male', 'false'),
(485, 'Gail', 'Melluish', 'gmelluishcw@deviantart.com', '60009801579916', 'LYyAhNKrFry', 2, 'gmelluishcw', '1992-01-05', 2, 'Male', 'false'),
(486, 'Bryan', 'Yuryatin', 'byuryatincx@home.pl', '32878076803797', 'kOKS652', 3, 'byuryatincx', '1991-03-02', 2, 'Male', 'false'),
(487, 'Cornie', 'Eskell', 'ceskellcy@wp.com', '80087382006134', 'jDgQ2UwnOWRG', 1, 'ceskellcy', '2000-04-06', 2, 'Female', 'false'),
(488, 'Martino', 'Worsley', 'mworsleycz@nytimes.com', '73721349353827', 'wG4AKtGDAc', 1, 'mworsleycz', '1998-07-07', 2, 'Male', 'false'),
(489, 'Pat', 'Rizzello', 'prizzellod0@pbs.org', '56664883780961', 'vk6zpK', 3, 'prizzellod0', '1993-08-24', 2, 'Male', 'false'),
(490, 'Taylor', 'Branthwaite', 'tbranthwaited1@tuttocitta.it', '49046453451994', '4cP4aFdl', 2, 'tbranthwaited1', '1992-10-25', 2, 'Male', 'false'),
(491, 'Griffie', 'Wollers', 'gwollersd2@tiny.cc', '41501831012282', '5uFEwC', 3, 'gwollersd2', '1991-03-10', 2, 'Male', 'false'),
(492, 'Langston', 'Di Matteo', 'ldimatteod3@forbes.com', '57135069726402', 'DSaw8vhr', 1, 'ldimatteod3', '1993-08-01', 2, 'Male', 'false'),
(493, 'Kelila', 'Kasper', 'kkasperd4@earthlink.net', '27636926069335', 'uvIT4Qq175aB', 1, 'kkasperd4', '1999-02-10', 2, 'Female', 'false'),
(494, 'Kissie', 'Escreet', 'kescreetd5@histats.com', '65202371295522', 'yQSdGw9JsW', 2, 'kescreetd5', '1999-08-20', 2, 'Female', 'false'),
(495, 'Andre', 'Champken', 'achampkend6@woothemes.com', '65483669200257', 'pgEvVgKmZl', 3, 'achampkend6', '1998-03-09', 2, 'Male', 'false'),
(496, 'Rosabelle', 'Edmonson', 'redmonsond7@squarespace.com', '48205154569915', 'z7o3lUJYlE', 1, 'redmonsond7', '1992-10-13', 2, 'Female', 'false'),
(497, 'Laughton', 'Fereday', 'lferedayd8@xinhuanet.com', '82940377904197', 'LA2aG6', 3, 'lferedayd8', '1998-12-10', 2, 'Male', 'false'),
(498, 'Cyb', 'Skivington', 'cskivingtond9@usda.gov', '45666543233174', 'hcHxklC9u8D7', 3, 'cskivingtond9', '1999-12-13', 2, 'Female', 'false'),
(499, 'Dalia', 'O\'Corrane', 'docorraneda@adobe.com', '40010558458614', 'V3H3hP5', 3, 'docorraneda', '1992-11-22', 2, 'Female', 'false'),
(500, 'Quent', 'Ketcher', 'qketcherdb@cornell.edu', '49188847745414', 'lxk7XXto', 1, 'qketcherdb', '1992-04-13', 2, 'Male', 'false'),
(501, 'Rodolphe', 'Linnock', 'rlinnockdc@ow.ly', '14246585084872', '7Dq7u5BmQxZ', 1, 'rlinnockdc', '1998-12-14', 2, 'Male', 'false'),
(502, 'Thornton', 'Lohering', 'tloheringdd@tamu.edu', '47530922315508', 'fKbZdxkwfS', 2, 'tloheringdd', '1998-01-27', 2, 'Male', 'false'),
(503, 'Jemie', 'Sibun', 'jsibunde@trellian.com', '37205864412801', 'cNvmYE4H8Ozr', 3, 'jsibunde', '1993-08-12', 2, 'Female', 'false'),
(504, 'Marty', 'Tipping', 'mtippingdf@sun.com', '25291779263113', 'UdDXhIVl81U', 2, 'mtippingdf', '1991-05-05', 2, 'Female', 'false'),
(505, 'Porter', 'Jervis', 'pjervisdg@cdc.gov', '43072784927474', 'QD0FGTTxp', 2, 'pjervisdg', '1996-05-31', 2, 'Male', 'false'),
(506, 'Neilla', 'Bordis', 'nbordisdh@wisc.edu', '22783625415057', 'Jdi2UVOR', 2, 'nbordisdh', '1993-01-21', 2, 'Female', 'false'),
(507, 'Caroline', 'Spoerl', 'cspoerldi@techcrunch.com', '12065887845494', 'nDECrIuXep', 2, 'cspoerldi', '1997-07-18', 2, 'Female', 'false'),
(508, 'Warner', 'Thurske', 'wthurskedj@merriam-webster.com', '18812435106146', 'BEoxxPNWF0y', 3, 'wthurskedj', '1990-12-18', 2, 'Male', 'false'),
(509, 'Jeri', 'Corrison', 'jcorrisondk@reverbnation.com', '80674080651508', 'dHMQ3UV', 3, 'jcorrisondk', '1990-10-30', 2, 'Female', 'false'),
(510, 'Gaile', 'McWhan', 'gmcwhandl@europa.eu', '29651388277091', 'Lc7v6rGKy', 2, 'gmcwhandl', '1991-01-07', 2, 'Male', 'false'),
(511, 'Orbadiah', 'Disley', 'odisleydm@163.com', '18192547399887', 'dE71Fd', 3, 'odisleydm', '1996-05-08', 2, 'Male', 'false'),
(512, 'Martin', 'Klimas', 'mklimasdn@techcrunch.com', '91541384343883', 'R038BLJKanY', 2, 'mklimasdn', '1999-01-30', 2, 'Male', 'false'),
(513, 'Frazer', 'McCumskay', 'fmccumskaydo@list-manage.com', '22065053595288', 'c42xt0Y7Pf', 1, 'fmccumskaydo', '1997-07-25', 2, 'Male', 'false'),
(514, 'Anjanette', 'Langeley', 'alangeleydp@aboutads.info', '47918973609573', 'wHi4n4H', 3, 'alangeleydp', '1996-07-28', 2, 'Female', 'false'),
(515, 'Nicki', 'Trenear', 'ntreneardq@ocn.ne.jp', '80976021755579', 'DrkFFr48', 3, 'ntreneardq', '1993-09-23', 2, 'Female', 'false'),
(516, 'Kessiah', 'Cannon', 'kcannondr@pagesperso-orange.fr', '67753651624487', 'p7h9UGIBBPO', 1, 'kcannondr', '1995-09-01', 2, 'Female', 'false'),
(517, 'Corette', 'Brecknall', 'cbrecknallds@forbes.com', '61645761709122', 'cVpdOzg', 2, 'cbrecknallds', '1992-03-10', 2, 'Female', 'false'),
(518, 'Blondie', 'McAlpine', 'bmcalpinedt@unicef.org', '67117424865304', '8gH22VenSaHe', 2, 'bmcalpinedt', '1994-07-23', 2, 'Female', 'false'),
(519, 'Petra', 'Beardsall', 'pbeardsalldu@lulu.com', '56939067696124', 'FfjnYIhDraB', 3, 'pbeardsalldu', '1993-11-25', 2, 'Female', 'false'),
(520, 'Patrice', 'Kohrding', 'pkohrdingdv@ezinearticles.com', '96428448618960', 'SYWEXOy', 3, 'pkohrdingdv', '1995-12-26', 2, 'Male', 'false'),
(521, 'Shaylah', 'Boulter', 'sboulterdw@craigslist.org', '69163280305500', 'YT8vZH', 1, 'sboulterdw', '1994-04-08', 2, 'Female', 'false'),
(522, 'Abner', 'Well', 'awelldx@macromedia.com', '89504738028085', 'mDAjSjKh', 1, 'awelldx', '2000-01-30', 2, 'Male', 'false'),
(523, 'Ephrayim', 'Tourot', 'etourotdy@trellian.com', '32046447738336', 'cWoTjA1I', 1, 'etourotdy', '1997-11-13', 2, 'Male', 'false'),
(524, 'Vanda', 'Eubank', 'veubankdz@biglobe.ne.jp', '76194054459474', '8w89ShiJ', 3, 'veubankdz', '1993-07-01', 2, 'Female', 'false'),
(525, 'Milli', 'Ivashintsov', 'mivashintsove0@businessinsider.com', '30573980641107', 'qMAknJ6V', 1, 'mivashintsove0', '1991-09-13', 2, 'Female', 'false'),
(526, 'Camala', 'Apfler', 'capflere1@about.com', '48638881641308', 'h1MuRF1', 2, 'capflere1', '1997-06-27', 2, 'Female', 'false'),
(527, 'Jasun', 'Sheasby', 'jsheasbye2@zimbio.com', '73282358360088', 'xSU4PCfJfFw', 3, 'jsheasbye2', '1999-12-07', 2, 'Male', 'false'),
(528, 'Bondie', 'Marchelli', 'bmarchellie3@xing.com', '92410860033469', 'iaxnnd1gH', 2, 'bmarchellie3', '1993-02-10', 2, 'Male', 'false'),
(529, 'Filbert', 'Holdren', 'fholdrene4@gov.uk', '61286392501865', 'fE0Hmyf', 3, 'fholdrene4', '1993-09-17', 2, 'Male', 'false'),
(530, 'Evanne', 'Stygall', 'estygalle5@chicagotribune.com', '48074757429918', 'OgESD34vfqI', 1, 'estygalle5', '1999-03-10', 2, 'Female', 'false'),
(531, 'Joycelin', 'Wearden', 'jweardene6@hao123.com', '90952668114768', '7FGYRux2Dg', 2, 'jweardene6', '2000-01-28', 2, 'Female', 'false'),
(532, 'Buckie', 'Guyver', 'bguyvere7@jigsy.com', '61777297966903', 'hhvFtCD', 3, 'bguyvere7', '1997-03-09', 2, 'Male', 'false'),
(533, 'Ricki', 'Hackley', 'rhackleye8@qq.com', '12432107933121', 'YJHxnOgbr', 1, 'rhackleye8', '1992-01-15', 2, 'Female', 'false'),
(534, 'Whit', 'Lilbourne', 'wlilbournee9@fotki.com', '13604371536576', 'drgq7NNX3', 1, 'wlilbournee9', '1990-12-29', 2, 'Male', 'false'),
(535, 'Darelle', 'Georg', 'dgeorgea@intel.com', '95267847872370', 'uJUm2ZzHhKN', 3, 'dgeorgea', '1996-07-26', 2, 'Female', 'false'),
(536, 'Valentino', 'McGuiness', 'vmcguinesseb@aboutads.info', '14870283307259', 'pCRmsc3', 2, 'vmcguinesseb', '1996-04-02', 2, 'Male', 'false'),
(537, 'Serena', 'Perin', 'sperinec@thetimes.co.uk', '43313992616275', '4jWbq8MoonjS', 3, 'sperinec', '1992-11-20', 2, 'Female', 'false'),
(538, 'Cele', 'Seefus', 'cseefused@1und1.de', '32966365522143', 'ldkIRLTUugER', 2, 'cseefused', '1994-01-17', 2, 'Female', 'false'),
(539, 'Ash', 'Fozzard', 'afozzardee@ftc.gov', '10633245567770', 'AUr1Pw', 1, 'afozzardee', '2000-03-02', 2, 'Male', 'false'),
(540, 'Ruby', 'Dominguez', 'rdominguezef@elpais.com', '67057014697157', 'RH05sVx', 1, 'rdominguezef', '1997-08-23', 2, 'Male', 'false'),
(541, 'Jayme', 'Daleman', 'jdalemaneg@zdnet.com', '46089811129017', 'MFbin0s6t', 3, 'jdalemaneg', '1994-01-13', 2, 'Female', 'false'),
(542, 'Raynard', 'Juleff', 'rjuleffeh@naver.com', '75258121117710', 'oXa0dH2U6fRo', 3, 'rjuleffeh', '1993-11-04', 2, 'Male', 'false'),
(543, 'Elmore', 'Whittaker', 'ewhittakerei@abc.net.au', '43600500187747', 'PL4H8dz', 1, 'ewhittakerei', '1994-02-25', 2, 'Male', 'false'),
(544, 'Knox', 'Varley', 'kvarleyej@twitpic.com', '77385448523742', '2j8zuDSk', 3, 'kvarleyej', '1992-03-16', 2, 'Male', 'false'),
(545, 'Hortense', 'Grahamslaw', 'hgrahamslawek@fc2.com', '23559775638944', '9MKEwkq', 2, 'hgrahamslawek', '1994-07-10', 2, 'Female', 'false'),
(546, 'Larissa', 'Standeven', 'lstandevenel@jimdo.com', '67988166586700', 'IHdVt2N3ESQN', 3, 'lstandevenel', '1995-12-03', 2, 'Female', 'false'),
(547, 'Pearla', 'Swiffin', 'pswiffinem@hp.com', '33235170966278', 'HJfzCXPZrr', 2, 'pswiffinem', '1995-09-21', 2, 'Female', 'false'),
(548, 'Henrietta', 'Patrono', 'hpatronoen@ning.com', '17778168800306', 'Iy1Xdy6s9ma', 3, 'hpatronoen', '1997-08-17', 2, 'Female', 'false'),
(549, 'Emmy', 'Slateford', 'eslatefordeo@youku.com', '21272387472142', 'wnE2KDh8K', 2, 'eslatefordeo', '1995-06-14', 2, 'Male', 'false'),
(550, 'Rori', 'Deyes', 'rdeyesep@csmonitor.com', '84246307119283', 'G3asuHnOiXM', 3, 'rdeyesep', '1992-03-11', 2, 'Female', 'false'),
(551, 'Waldo', 'Dubois', 'wduboiseq@pcworld.com', '95782860170103', '43Tnu8PD5NPS', 1, 'wduboiseq', '1996-03-30', 2, 'Male', 'false'),
(552, 'Allie', 'Gyurkovics', 'agyurkovicser@constantcontact.com', '93370548597779', 'nG6UoYwh5Bjb', 3, 'agyurkovicser', '1997-04-13', 2, 'Female', 'false'),
(553, 'Brnaba', 'Kleiser', 'bkleiseres@t.co', '76315927020682', 'dw70747T', 1, 'bkleiseres', '1990-06-07', 2, 'Male', 'false'),
(554, 'Charlotte', 'Dobbyn', 'cdobbynet@forbes.com', '61186659095805', 'RLdaJYonOKi', 3, 'cdobbynet', '1996-03-30', 2, 'Female', 'false'),
(555, 'Far', 'Arrington', 'farringtoneu@paginegialle.it', '89761966877139', 'yPjqzZ', 3, 'farringtoneu', '1992-01-10', 2, 'Male', 'false'),
(556, 'Sidnee', 'Linstead', 'slinsteadev@google.ru', '42949893164203', 'p1B8QQn5VTW', 3, 'slinsteadev', '1998-03-02', 2, 'Male', 'false'),
(557, 'Mile', 'Leeman', 'mleemanew@about.me', '61135557020712', 'otlYCkeOZiO', 2, 'mleemanew', '1995-06-30', 2, 'Male', 'false'),
(558, 'Roy', 'Primo', 'rprimoex@alibaba.com', '73066398962282', 'UiXW8wV', 3, 'rprimoex', '1997-11-23', 2, 'Male', 'false'),
(559, 'Gregor', 'Van den Velde', 'gvandenveldeey@posterous.com', '22638207179868', 'Lpl2dxBZLA', 2, 'gvandenveldeey', '1993-08-03', 2, 'Male', 'false'),
(560, 'Gwenore', 'Atwel', 'gatwelez@weather.com', '27752206751426', 'VIKE0Pm2sob', 3, 'gatwelez', '1993-08-08', 2, 'Female', 'false'),
(561, 'Bernelle', 'Dinsell', 'bdinsellf0@ebay.co.uk', '90507153299868', 'NUTOxUOW', 3, 'bdinsellf0', '1992-06-15', 2, 'Female', 'false'),
(562, 'Bartram', 'Roubert', 'broubertf1@liveinternet.ru', '73282059964858', 'CisvQS7', 1, 'broubertf1', '1995-05-09', 2, 'Male', 'false'),
(563, 'Guthrie', 'Oliphard', 'goliphardf2@amazon.co.jp', '26796521455166', 'xu0Kg6E', 2, 'goliphardf2', '1991-06-30', 2, 'Male', 'false'),
(564, 'Alexandrina', 'Ledbury', 'aledburyf3@accuweather.com', '60657189826168', 'PZtEsHuqYizP', 3, 'aledburyf3', '1999-02-06', 2, 'Female', 'false'),
(565, 'Melly', 'Challiner', 'mchallinerf4@topsy.com', '88054598595301', 'aGDnXadhL3Ug', 1, 'mchallinerf4', '1992-08-21', 2, 'Female', 'false'),
(566, 'Sergeant', 'Mortel', 'smortelf5@amazon.de', '58589685083816', 'pjvtPaE', 2, 'smortelf5', '1993-02-22', 2, 'Male', 'false'),
(567, 'Lorianne', 'Zuenelli', 'lzuenellif6@gnu.org', '42594928838712', 'e3L6ZfgoNjw8', 2, 'lzuenellif6', '1993-10-12', 2, 'Female', 'false'),
(568, 'Callean', 'Lannen', 'clannenf7@slashdot.org', '66098551041113', 'LIMp6ro', 1, 'clannenf7', '1996-09-02', 2, 'Male', 'false'),
(569, 'Jerrine', 'Mimmack', 'jmimmackf8@accuweather.com', '93638428746875', 'kFBe4S7Rw3d3', 3, 'jmimmackf8', '1999-02-13', 2, 'Female', 'false'),
(570, 'Alix', 'Wisby', 'awisbyf9@zdnet.com', '15730879305139', '6RDlbFSL2', 2, 'awisbyf9', '1993-12-14', 2, 'Male', 'false'),
(571, 'Antoine', 'Parriss', 'aparrissfa@unc.edu', '47687510925508', 'pgt5C0PN', 1, 'aparrissfa', '1994-09-24', 2, 'Male', 'false'),
(572, 'Willey', 'Ravel', 'wravelfb@4shared.com', '14735944486037', 'VSHQoBnR9pxa', 3, 'wravelfb', '1994-12-02', 2, 'Male', 'false'),
(573, 'Gilligan', 'Redding', 'greddingfc@alexa.com', '43305591901037', 'G3C7t1jT', 2, 'greddingfc', '1994-09-09', 2, 'Female', 'false'),
(574, 'Cathryn', 'Louder', 'clouderfd@bbc.co.uk', '41643586436737', 'HZHC3HxMmL', 3, 'clouderfd', '1991-01-28', 2, 'Female', 'false'),
(575, 'Koenraad', 'Mollett', 'kmollettfe@meetup.com', '28493011027997', 'G6pwOJ7ILf', 3, 'kmollettfe', '1995-06-18', 2, 'Male', 'false'),
(576, 'Tasia', 'Aulton', 'taultonff@hostgator.com', '18602171026900', 'dj0kzOw6R', 2, 'taultonff', '1993-11-20', 2, 'Female', 'false'),
(577, 'Jorgan', 'Keasey', 'jkeaseyfg@bloomberg.com', '22148321137482', 'WBRK2jGtY', 3, 'jkeaseyfg', '1999-04-25', 2, 'Male', 'false'),
(578, 'Phyllis', 'Veart', 'pveartfh@sciencedaily.com', '58718342088785', 'iBqj1cTggr9U', 1, 'pveartfh', '1994-02-25', 2, 'Female', 'false'),
(579, 'Kellsie', 'Verman', 'kvermanfi@disqus.com', '54788522260891', '9J0RoDk8Hwf', 1, 'kvermanfi', '1991-03-25', 2, 'Female', 'false'),
(580, 'Kippy', 'Merali', 'kmeralifj@delicious.com', '39225952536030', 'LhRei3B', 3, 'kmeralifj', '1992-02-16', 2, 'Female', 'false'),
(581, 'Davin', 'Radband', 'dradbandfk@pbs.org', '16851013698807', 'vyEYywsQlIY', 2, 'dradbandfk', '1996-01-16', 2, 'Male', 'false'),
(582, 'Frans', 'Stringman', 'fstringmanfl@kickstarter.com', '75451529772590', 'Li5toQyLea62', 3, 'fstringmanfl', '1997-12-01', 2, 'Male', 'false'),
(583, 'Base', 'Frensche', 'bfrenschefm@oracle.com', '96098659970667', 'kUrDBDO1o5Jl', 1, 'bfrenschefm', '1991-03-23', 2, 'Male', 'false'),
(584, 'Shawnee', 'Roundtree', 'sroundtreefn@yale.edu', '75381029203535', 'kUwbn6', 3, 'sroundtreefn', '1997-08-05', 2, 'Female', 'false'),
(585, 'Garik', 'Davinet', 'gdavinetfo@cyberchimps.com', '17105292837805', 'dLBM8h', 3, 'gdavinetfo', '2000-01-06', 2, 'Male', 'false'),
(586, 'Elihu', 'Barbier', 'ebarbierfp@ihg.com', '29527213300455', '3z3CXdKos', 3, 'ebarbierfp', '1993-12-15', 2, 'Male', 'false'),
(587, 'Andy', 'Donneely', 'adonneelyfq@sciencedirect.com', '50831619751770', 'AJqQPcXac', 2, 'adonneelyfq', '1996-06-14', 2, 'Male', 'false'),
(588, 'Ingelbert', 'Cheeld', 'icheeldfr@nifty.com', '26718927352382', 'TSZx1pMP0ja', 1, 'icheeldfr', '1999-04-03', 2, 'Male', 'false'),
(589, 'Stirling', 'Crudginton', 'scrudgintonfs@4shared.com', '39557715428021', 'uANNitr3v', 3, 'scrudgintonfs', '1990-10-09', 2, 'Male', 'false'),
(590, 'Karleen', 'Merrifield', 'kmerrifieldft@studiopress.com', '47169918895637', '4cJh4p', 1, 'kmerrifieldft', '1995-02-01', 2, 'Female', 'false'),
(591, 'Jacquelynn', 'Geer', 'jgeerfu@ovh.net', '51223289783331', 'Z9ND6IegVA', 2, 'jgeerfu', '1999-04-21', 2, 'Female', 'false'),
(592, 'Somerset', 'Borrow', 'sborrowfv@over-blog.com', '10455093096497', 'ckbCEKC7ld', 3, 'sborrowfv', '1995-10-01', 2, 'Male', 'false'),
(593, 'Gerri', 'Mawdsley', 'gmawdsleyfw@msu.edu', '56522833974490', 'SdeOHrNShOl', 1, 'gmawdsleyfw', '1997-03-19', 2, 'Male', 'false'),
(594, 'Cristabel', 'Harniman', 'charnimanfx@blog.com', '86432489328864', 'gIbhrokOKp8', 1, 'charnimanfx', '1994-10-18', 2, 'Female', 'false'),
(595, 'Rosita', 'Mathias', 'rmathiasfy@ft.com', '69593324251441', '5vXqSY', 3, 'rmathiasfy', '1994-06-09', 2, 'Female', 'false'),
(596, 'Hedi', 'Fulstow', 'hfulstowfz@cnbc.com', '75545331702616', 'Or02GA', 1, 'hfulstowfz', '1992-11-12', 2, 'Female', 'false'),
(597, 'Darcie', 'Yearne', 'dyearneg0@craigslist.org', '26381951032262', 'yfSMBVZTvP0P', 2, 'dyearneg0', '1990-08-22', 2, 'Female', 'false'),
(598, 'Willie', 'Haker', 'whakerg1@paypal.com', '16682696505456', '30TBt9hFSl', 3, 'whakerg1', '1995-08-10', 2, 'Male', 'false'),
(599, 'Ernie', 'Palumbo', 'epalumbog2@tinypic.com', '93711144828238', '608uH8U', 1, 'epalumbog2', '1993-11-30', 2, 'Male', 'false'),
(600, 'Jarib', 'Bootherstone', 'jbootherstoneg3@arstechnica.com', '42651987694153', 'LraWALbi', 1, 'jbootherstoneg3', '1991-09-19', 2, 'Male', 'false'),
(601, 'Dulce', 'Winslet', 'dwinsletg4@whitehouse.gov', '13792632818598', 'PLVLWdFGFH', 1, 'dwinsletg4', '1996-08-02', 2, 'Female', 'false'),
(602, 'Mirabella', 'Miebes', 'mmiebesg5@pinterest.com', '94800423711601', 'mICjyP', 1, 'mmiebesg5', '1998-09-29', 2, 'Female', 'false'),
(603, 'Molli', 'Newns', 'mnewnsg6@washingtonpost.com', '10771093830245', 'aTmkR1ib', 1, 'mnewnsg6', '1990-09-11', 2, 'Female', 'false'),
(604, 'Bob', 'Stuke', 'bstukeg7@goo.ne.jp', '87658940472747', 'NV2dwXPR', 3, 'bstukeg7', '2000-01-02', 2, 'Male', 'false'),
(605, 'Briny', 'Crome', 'bcromeg8@blog.com', '17195396477358', '4HOjal3oGL', 3, 'bcromeg8', '1990-11-06', 2, 'Female', 'false'),
(606, 'Rhona', 'Wortley', 'rwortleyg9@so-net.ne.jp', '73547926747616', '8m9y5BCWs', 3, 'rwortleyg9', '1996-07-31', 2, 'Female', 'false'),
(607, 'Dexter', 'Hallard', 'dhallardga@odnoklassniki.ru', '72602074940803', 'zeQK5kNzB', 2, 'dhallardga', '1994-04-09', 2, 'Male', 'false'),
(608, 'Janeen', 'Legen', 'jlegengb@booking.com', '26864431249467', 'yQoHh0m', 1, 'jlegengb', '1990-10-23', 2, 'Female', 'false'),
(609, 'Geoffry', 'Hartington', 'ghartingtongc@over-blog.com', '12937973615924', '41FLQoV', 3, 'ghartingtongc', '1990-10-06', 2, 'Male', 'false'),
(610, 'Scot', 'Cobelli', 'scobelligd@sohu.com', '70253689914834', 'bWKJOvB59', 2, 'scobelligd', '1998-05-02', 2, 'Male', 'false'),
(611, 'Lucho', 'Baude', 'lbaudege@google.com', '79510507259004', 'kMtxxEHl', 3, 'lbaudege', '1991-10-01', 2, 'Male', 'false'),
(612, 'Hollie', 'Eales', 'healesgf@state.tx.us', '95284079658854', '5gZbqcf', 2, 'healesgf', '1993-09-16', 2, 'Female', 'false'),
(613, 'Urbanus', 'Gayden', 'ugaydengg@seattletimes.com', '34186563178154', 'z2pOcmkhc6C0', 2, 'ugaydengg', '1999-08-06', 2, 'Male', 'false'),
(614, 'Lily', 'Wigfield', 'lwigfieldgh@lycos.com', '18603656291491', 'D6CXFRFhh1WM', 2, 'lwigfieldgh', '1992-10-04', 2, 'Female', 'false'),
(615, 'Adam', 'Pedrazzi', 'apedrazzigi@is.gd', '91339054612594', 'BpQXqoUmt6bF', 3, 'apedrazzigi', '1993-03-02', 2, 'Male', 'false'),
(616, 'Griffy', 'Matusson', 'gmatussongj@yelp.com', '95884960365607', 'TkB2Tu1bgA', 1, 'gmatussongj', '1995-09-15', 2, 'Male', 'false'),
(617, 'Debby', 'Rigden', 'drigdengk@youtube.com', '55434722582016', 'rFdJudIz', 3, 'drigdengk', '1992-12-20', 2, 'Female', 'false'),
(618, 'Portia', 'MacNamee', 'pmacnameegl@sciencedaily.com', '60528852751562', 'Q9Bn359Zx9', 2, 'pmacnameegl', '1996-11-24', 2, 'Female', 'false'),
(619, 'Barclay', 'Farren', 'bfarrengm@statcounter.com', '59967711189722', 'fKz0OE', 2, 'bfarrengm', '1994-03-17', 2, 'Male', 'false'),
(620, 'Vanda', 'Flieg', 'vflieggn@va.gov', '84961481611100', 'YBBjg1Z7H2', 1, 'vflieggn', '1998-01-25', 2, 'Female', 'false'),
(621, 'Rebe', 'Biesinger', 'rbiesingergo@sfgate.com', '67912863888049', 'MXpj2vGwNMn', 3, 'rbiesingergo', '1991-04-15', 2, 'Female', 'false'),
(622, 'Leta', 'Pepis', 'lpepisgp@issuu.com', '27536882537675', 'UQgMsIkl', 3, 'lpepisgp', '1996-04-23', 2, 'Female', 'false'),
(623, 'Gerhardt', 'Gallaher', 'ggallahergq@google.cn', '92348472694910', 'r7b9QC', 1, 'ggallahergq', '1997-04-18', 2, 'Male', 'false'),
(624, 'Garfield', 'Ivins', 'givinsgr@rakuten.co.jp', '72599230556037', 'VUdY8sE7tYf', 2, 'givinsgr', '1990-08-13', 2, 'Male', 'false'),
(625, 'Joni', 'Kitchener', 'jkitchenergs@livejournal.com', '97280123284117', '4ZTqzpEbcsf', 3, 'jkitchenergs', '1999-04-30', 2, 'Female', 'false'),
(626, 'Antoine', 'Finley', 'afinleygt@tumblr.com', '92546809882424', 'kBJcbst', 3, 'afinleygt', '1994-04-07', 2, 'Male', 'false'),
(627, 'Danielle', 'Frostdyke', 'dfrostdykegu@spotify.com', '71283953347230', 'yAkQSr4kA', 2, 'dfrostdykegu', '1992-06-02', 2, 'Female', 'false'),
(628, 'Aurelia', 'Males', 'amalesgv@tinyurl.com', '72303782965646', 'PhBFbo', 2, 'amalesgv', '1996-01-29', 2, 'Female', 'false'),
(629, 'Orion', 'Power', 'opowergw@bandcamp.com', '57039154918881', 'p7CMAe3KO8Te', 3, 'opowergw', '1997-05-20', 2, 'Male', 'false'),
(630, 'Clemmie', 'Huckleby', 'chucklebygx@artisteer.com', '87392321556724', 'gmrtYHDD2bF', 3, 'chucklebygx', '1999-09-24', 2, 'Male', 'false'),
(631, 'Cort', 'Jauncey', 'cjaunceygy@imgur.com', '66252442926303', 'DA1UneXjG', 1, 'cjaunceygy', '1997-12-25', 2, 'Male', 'false'),
(632, 'Kiele', 'Lardeux', 'klardeuxgz@alexa.com', '51305489941799', 'obHE24', 3, 'klardeuxgz', '1998-03-02', 2, 'Female', 'false'),
(633, 'Susanna', 'Toderbrugge', 'stoderbruggeh0@alexa.com', '18278482789710', 'd3rfrkyg', 1, 'stoderbruggeh0', '1997-07-05', 2, 'Female', 'false'),
(634, 'Shelagh', 'Roset', 'sroseth1@admin.ch', '89823035129242', 'rM1ziWjb', 2, 'sroseth1', '1998-07-09', 2, 'Female', 'false'),
(635, 'Stanislas', 'Orht', 'sorhth2@homestead.com', '37966085180353', 'UkQMBM560z', 2, 'sorhth2', '1993-08-12', 2, 'Male', 'false'),
(636, 'Meghan', 'Eymor', 'meymorh3@feedburner.com', '54929846242481', 'cvivm9o', 2, 'meymorh3', '1993-05-09', 2, 'Female', 'false'),
(637, 'Cristina', 'Pankettman', 'cpankettmanh4@a8.net', '23169697249062', '2mts61v5rK', 2, 'cpankettmanh4', '1991-03-12', 2, 'Female', 'false'),
(638, 'Siusan', 'Maffey', 'smaffeyh5@purevolume.com', '75789463868400', 'SAH8BK', 1, 'smaffeyh5', '1999-10-06', 2, 'Female', 'false'),
(639, 'Rollins', 'Ginner', 'rginnerh6@google.pl', '51367225100753', 'bpS26qg', 2, 'rginnerh6', '1998-03-06', 2, 'Male', 'false'),
(640, 'Clea', 'Bendle', 'cbendleh7@senate.gov', '47023289889954', 'B1COjWoDn', 3, 'cbendleh7', '1993-10-19', 2, 'Female', 'false'),
(641, 'Vale', 'Testro', 'vtestroh8@usa.gov', '54902767756701', 'UJhP21', 1, 'vtestroh8', '1994-07-14', 2, 'Male', 'false'),
(642, 'Jessie', 'Langhor', 'jlanghorh9@addthis.com', '47789700855074', 'yCTD8TvXxOLX', 2, 'jlanghorh9', '1992-10-16', 2, 'Female', 'false'),
(643, 'Aurlie', 'De Brett', 'adebrettha@ox.ac.uk', '85029248727746', 'OmtQf403o', 3, 'adebrettha', '1998-03-31', 2, 'Female', 'false'),
(644, 'Gay', 'Broxup', 'gbroxuphb@java.com', '32343484642085', 'fQEGoBTm7P', 2, 'gbroxuphb', '1998-08-18', 2, 'Male', 'false'),
(645, 'Helli', 'Stag', 'hstaghc@google.com', '10035574831252', 'ulzmXo', 1, 'hstaghc', '1997-10-25', 2, 'Female', 'false'),
(646, 'Cloe', 'Luard', 'cluardhd@usatoday.com', '83512867172735', 'gFKrLvaDTN3f', 1, 'cluardhd', '1993-07-02', 2, 'Female', 'false'),
(647, 'Justus', 'Cusick', 'jcusickhe@ebay.co.uk', '86683270237397', 'UPaqDaiBoL', 1, 'jcusickhe', '1998-11-23', 2, 'Male', 'false'),
(648, 'Jsandye', 'Solley', 'jsolleyhf@google.com.br', '36427704981748', 'nmU1XumWa', 1, 'jsolleyhf', '1990-10-28', 2, 'Female', 'false'),
(649, 'Arlyne', 'Ivchenko', 'aivchenkohg@cnn.com', '95125858347624', 'HMsovmqPa', 2, 'aivchenkohg', '1997-06-21', 2, 'Female', 'false'),
(650, 'Ollie', 'Vecard', 'ovecardhh@usnews.com', '36821485092391', 'ia0wOwJ', 3, 'ovecardhh', '1991-10-05', 2, 'Male', 'false'),
(651, 'Meyer', 'Lergan', 'mlerganhi@shop-pro.jp', '39241830327945', 'o9fpXp', 3, 'mlerganhi', '1997-07-10', 2, 'Male', 'false'),
(652, 'Nickie', 'Lethby', 'nlethbyhj@tiny.cc', '94063137219561', 'qJ72hp', 3, 'nlethbyhj', '1997-01-01', 2, 'Male', 'false'),
(653, 'Lena', 'Gee', 'lgeehk@psu.edu', '47601981527165', 'iSbR5M', 3, 'lgeehk', '1993-01-07', 2, 'Female', 'false'),
(654, 'Arlee', 'McInnery', 'amcinneryhl@imageshack.us', '61597979416631', 'J9ZNB8', 2, 'amcinneryhl', '1992-03-08', 2, 'Female', 'false'),
(655, 'Thorndike', 'Rentz', 'trentzhm@google.es', '94948438969715', 'sgKMwilRJSc', 1, 'trentzhm', '1994-10-05', 2, 'Male', 'false'),
(656, 'Archibold', 'Golson', 'agolsonhn@360.cn', '19006628081693', 'IoHRTV51Bw', 3, 'agolsonhn', '1997-05-23', 2, 'Male', 'false'),
(657, 'Maison', 'Kaveney', 'mkaveneyho@dropbox.com', '36575001459753', 'BdRH4JfBS', 3, 'mkaveneyho', '1997-07-31', 2, 'Male', 'false'),
(658, 'Chane', 'Corstan', 'ccorstanhp@dailymotion.com', '67037380912784', 'SXBkmpO5', 3, 'ccorstanhp', '1993-05-27', 2, 'Male', 'false'),
(659, 'Dory', 'Yushankin', 'dyushankinhq@cnet.com', '95859800408862', 'CO8RU1mJ', 3, 'dyushankinhq', '1997-12-23', 2, 'Female', 'false'),
(660, 'Shawn', 'Stockau', 'sstockauhr@tiny.cc', '73792202074755', '7LjvwUXTED', 3, 'sstockauhr', '2000-01-27', 2, 'Male', 'false'),
(661, 'Ivar', 'Mitrovic', 'imitrovichs@java.com', '40752000698827', 'f5kHQWcEU', 3, 'imitrovichs', '1995-11-18', 2, 'Male', 'false'),
(662, 'Fredrika', 'Whittier', 'fwhittierht@tiny.cc', '95740650611255', 'R4CjX9GG', 2, 'fwhittierht', '1999-12-26', 2, 'Female', 'false'),
(663, 'Doretta', 'Camacho', 'dcamachohu@parallels.com', '77690279271814', 'mMxBLwlZ', 2, 'dcamachohu', '1991-09-07', 2, 'Female', 'false'),
(664, 'Serena', 'Huff', 'shuffhv@economist.com', '71571662542489', '6gfAza', 2, 'shuffhv', '1998-05-12', 2, 'Female', 'false'),
(665, 'Amelina', 'Gonzales', 'agonzaleshw@blogs.com', '15994028278886', '4YJy3KqrSh', 1, 'agonzaleshw', '1996-02-10', 2, 'Female', 'false'),
(666, 'Celesta', 'Arson', 'carsonhx@wp.com', '99733289651355', 'mnQTDi', 3, 'carsonhx', '2000-02-14', 2, 'Female', 'false'),
(667, 'Katerine', 'Tawn', 'ktawnhy@accuweather.com', '20638914365670', 'VELCJg', 3, 'ktawnhy', '1992-04-23', 2, 'Female', 'false'),
(668, 'Yasmeen', 'Doulton', 'ydoultonhz@creativecommons.org', '53062153077667', 'Q5CKOXtYWbS', 2, 'ydoultonhz', '1995-03-26', 2, 'Female', 'false'),
(669, 'Brett', 'Joesbury', 'bjoesburyi0@exblog.jp', '33498951904570', 'oxJ3n6LScDB', 3, 'bjoesburyi0', '1991-02-21', 2, 'Male', 'false'),
(670, 'Henri', 'Ratley', 'hratleyi1@foxnews.com', '87202682315185', 'TIExVUSut5oE', 2, 'hratleyi1', '1993-10-30', 2, 'Male', 'false'),
(671, 'Kay', 'Timson', 'ktimsoni2@zdnet.com', '75908935487658', 'ERT7vR', 2, 'ktimsoni2', '1996-09-21', 2, 'Female', 'false'),
(672, 'Conan', 'Skarman', 'cskarmani3@parallels.com', '48221529877264', 'TPwBRh6W', 1, 'cskarmani3', '1993-11-14', 2, 'Male', 'false'),
(673, 'Hal', 'd\' Eye', 'hdeyei4@alibaba.com', '66843696193391', '8mp5o5v', 1, 'hdeyei4', '1993-04-16', 2, 'Male', 'false'),
(674, 'Mariette', 'Bwye', 'mbwyei5@storify.com', '38861006963612', 'ZbCeL0Mp', 1, 'mbwyei5', '1991-07-26', 2, 'Female', 'false'),
(675, 'Agna', 'Balaison', 'abalaisoni6@nps.gov', '88815123236063', 'Un5JioG6', 1, 'abalaisoni6', '1995-06-02', 2, 'Female', 'false'),
(676, 'Lloyd', 'Cristofor', 'lcristofori7@telegraph.co.uk', '88327674418172', 'x4jtxn', 2, 'lcristofori7', '1997-11-10', 2, 'Male', 'false'),
(677, 'Eryn', 'MacGibbon', 'emacgibboni8@google.nl', '84194454520192', '1R591fRe', 2, 'emacgibboni8', '1996-04-14', 2, 'Female', 'false'),
(678, 'Broderick', 'Allridge', 'ballridgei9@livejournal.com', '34524763035019', 'o2DmoCXFYKD', 3, 'ballridgei9', '1997-04-03', 2, 'Male', 'false'),
(679, 'Dinny', 'Siuda', 'dsiudaia@mysql.com', '56409600805268', 'KThIz2Qsa8HB', 3, 'dsiudaia', '2000-02-28', 2, 'Female', 'false'),
(680, 'Rebecca', 'Ianetti', 'rianettiib@lycos.com', '79529618910776', 'aBth70', 3, 'rianettiib', '1995-03-19', 2, 'Female', 'false'),
(681, 'Lombard', 'Revie', 'lrevieic@wsj.com', '70456073977314', 'wvdCZBIHQ', 2, 'lrevieic', '1998-03-20', 2, 'Male', 'false'),
(682, 'Miguela', 'Folbigg', 'mfolbiggid@booking.com', '29503934914496', 'GUWcpZ1X', 2, 'mfolbiggid', '1996-10-29', 2, 'Female', 'false'),
(683, 'Kenon', 'Probin', 'kprobinie@scientificamerican.com', '95686287566265', 'GqBUVzSKRY', 1, 'kprobinie', '1992-11-09', 2, 'Male', 'false'),
(684, 'Dorrie', 'Chaudhry', 'dchaudhryif@dion.ne.jp', '96794481098030', 'smzC6ae8q3P', 2, 'dchaudhryif', '1996-02-15', 2, 'Female', 'false'),
(685, 'Xenos', 'Kleeborn', 'xkleebornig@sun.com', '71360889790400', 'usLvvAU', 2, 'xkleebornig', '1995-04-01', 2, 'Male', 'false'),
(686, 'Rubia', 'Klein', 'rkleinih@uiuc.edu', '42216693271074', 'EPa4UtVXP', 3, 'rkleinih', '1991-04-26', 2, 'Female', 'false'),
(687, 'Belva', 'Leate', 'bleateii@ow.ly', '40700371884162', '4XcScPsqB', 2, 'bleateii', '1996-09-24', 2, 'Female', 'false'),
(688, 'Korie', 'Caffin', 'kcaffinij@indiatimes.com', '77054619158212', 'gbp9WiOLHQ3', 2, 'kcaffinij', '1995-03-28', 2, 'Female', 'false'),
(689, 'Earl', 'Bianco', 'ebiancoik@amazon.de', '72405433365993', 'Lnk0V38FGGWV', 3, 'ebiancoik', '1991-02-08', 2, 'Male', 'false'),
(690, 'Miller', 'Hutten', 'mhuttenil@google.com.br', '81918215145317', 'IJdvEwig51U', 2, 'mhuttenil', '1992-10-18', 2, 'Male', 'false'),
(691, 'Mortie', 'Shakesbye', 'mshakesbyeim@elegantthemes.com', '80338549436980', 'mE75IsA7IM', 3, 'mshakesbyeim', '1996-11-02', 2, 'Male', 'false'),
(692, 'Ken', 'Thorington', 'kthoringtonin@cnbc.com', '16575839363777', 'XtXdLXwI', 2, 'kthoringtonin', '1995-06-30', 2, 'Male', 'false'),
(693, 'Marna', 'Gadaud', 'mgadaudio@oakley.com', '58793388367969', 'fQygFxCy', 1, 'mgadaudio', '2000-04-27', 2, 'Female', 'false'),
(694, 'Tanner', 'Bythell', 'tbythellip@wiley.com', '35967101939481', '6juZ9F', 3, 'tbythellip', '1991-11-22', 2, 'Male', 'false'),
(695, 'Paolo', 'Triplett', 'ptriplettiq@issuu.com', '85264400068896', 'ThPWhn6ctY', 2, 'ptriplettiq', '1999-07-09', 2, 'Male', 'false'),
(696, 'Carlita', 'McClenan', 'cmcclenanir@gravatar.com', '71167864938785', 'u84hFRvz', 2, 'cmcclenanir', '1991-09-01', 2, 'Female', 'false'),
(697, 'Janaye', 'Penlington', 'jpenlingtonis@163.com', '93848347880027', 'b50SmhwOi', 2, 'jpenlingtonis', '2000-01-14', 2, 'Female', 'false'),
(698, 'Milicent', 'Meedendorpe', 'mmeedendorpeit@ucla.edu', '74396675731066', 'NTpeouroPS9', 2, 'mmeedendorpeit', '1993-05-23', 2, 'Female', 'false'),
(699, 'Fritz', 'Smedmoor', 'fsmedmooriu@fastcompany.com', '53042283222688', 'VZqTwOEd0Ye', 1, 'fsmedmooriu', '1994-10-25', 2, 'Male', 'false'),
(700, 'Ursa', 'Karpets', 'ukarpetsiv@trellian.com', '73226427957175', 'ZEknlnLIA4k', 1, 'ukarpetsiv', '1994-05-08', 2, 'Female', 'false'),
(701, 'Hetty', 'Kleinlerer', 'hkleinlereriw@moonfruit.com', '64634939748151', '84iBwj', 1, 'hkleinlereriw', '1995-09-21', 2, 'Female', 'false'),
(702, 'Cristiano', 'Tremblett', 'ctremblettix@spotify.com', '24399522226864', '15ETco', 3, 'ctremblettix', '1992-02-10', 2, 'Male', 'false'),
(703, 'Wynn', 'Izakov', 'wizakoviy@opera.com', '46953678007362', 'gVgMOVcuv', 1, 'wizakoviy', '1995-12-30', 2, 'Female', 'false'),
(704, 'Ingelbert', 'Nolli', 'inolliiz@people.com.cn', '73414266867522', 'PnvLwHkcE6X', 1, 'inolliiz', '1998-09-07', 2, 'Male', 'false'),
(705, 'Lawton', 'Bishell', 'lbishellj0@mlb.com', '64350695435611', 'uRXmqMaRI41', 3, 'lbishellj0', '1996-05-03', 2, 'Male', 'false'),
(706, 'Luke', 'Chalke', 'lchalkej1@t-online.de', '82114585811741', 'qlRaXuv0', 1, 'lchalkej1', '1997-09-01', 2, 'Male', 'false'),
(707, 'Guthry', 'McGow', 'gmcgowj2@devhub.com', '42694457452509', 'zjicTm8X3', 2, 'gmcgowj2', '1997-12-13', 2, 'Male', 'false'),
(708, 'Chastity', 'Parminter', 'cparminterj3@mail.ru', '67439944047294', 'kw6222', 3, 'cparminterj3', '1993-07-13', 2, 'Female', 'false'),
(709, 'Quintana', 'Padley', 'qpadleyj4@ftc.gov', '17966622935190', '45xE4WcLKjDR', 2, 'qpadleyj4', '1995-12-19', 2, 'Female', 'false'),
(710, 'Orly', 'Cay', 'ocayj5@epa.gov', '79760416230148', 'mA7YTKXv2', 1, 'ocayj5', '1999-11-23', 2, 'Female', 'false'),
(711, 'Harmon', 'Millett', 'hmillettj6@ucoz.com', '31277671109450', 'd2RftI', 1, 'hmillettj6', '1997-05-16', 2, 'Male', 'false'),
(712, 'Kinsley', 'Mangenet', 'kmangenetj7@salon.com', '15511642715925', 'a4CnFjx', 1, 'kmangenetj7', '1998-02-12', 2, 'Male', 'false'),
(713, 'Raviv', 'Ranson', 'rransonj8@google.co.uk', '14318138314400', '1a4hPxUV6q', 3, 'rransonj8', '1995-07-05', 2, 'Male', 'false'),
(714, 'Katti', 'Calles', 'kcallesj9@theguardian.com', '81309293924293', 'XKg1Ozn8x', 3, 'kcallesj9', '1990-10-14', 2, 'Female', 'false'),
(715, 'Judye', 'Coupar', 'jcouparja@google.co.uk', '68832964865021', 'F6mgOLqvyzM', 1, 'jcouparja', '1991-10-11', 2, 'Female', 'false'),
(716, 'Janet', 'Rosenfelder', 'jrosenfelderjb@theglobeandmail.com', '41363955977219', 'a2VdQNOg', 1, 'jrosenfelderjb', '1995-05-30', 2, 'Female', 'false'),
(717, 'Umeko', 'Hasell', 'uhaselljc@360.cn', '10860633368165', '3EsSeHPYJ3', 3, 'uhaselljc', '1994-06-12', 2, 'Female', 'false'),
(718, 'Marlon', 'Lermit', 'mlermitjd@reverbnation.com', '93407270737555', 'Dtc0qNb7r', 2, 'mlermitjd', '1993-05-01', 2, 'Male', 'false'),
(719, 'Rayner', 'Ashcroft', 'rashcroftje@webeden.co.uk', '91539537171614', 'DJzeTAt', 3, 'rashcroftje', '1990-06-23', 2, 'Male', 'false'),
(720, 'Cristine', 'Keher', 'ckeherjf@blogspot.com', '30229124085326', 'fVahiB', 1, 'ckeherjf', '1995-02-05', 2, 'Female', 'false'),
(721, 'Blithe', 'Tilbrook', 'btilbrookjg@reverbnation.com', '51218449658380', 'EHaUA8w', 2, 'btilbrookjg', '1997-03-04', 2, 'Female', 'false'),
(722, 'Alfonso', 'Lealle', 'aleallejh@sphinn.com', '35657046219137', 'UMhOCt', 2, 'aleallejh', '1995-06-22', 2, 'Male', 'false'),
(723, 'Casey', 'Mossom', 'cmossomji@loc.gov', '97171120969431', 'cfXh7Nd', 1, 'cmossomji', '1993-12-23', 2, 'Male', 'false'),
(724, 'Lynnet', 'Foresight', 'lforesightjj@netvibes.com', '59103391636199', 'wBiCB9J', 3, 'lforesightjj', '1994-01-26', 2, 'Female', 'false'),
(725, 'Roxanne', 'Booi', 'rbooijk@youtube.com', '56176515428222', 'qxfBpinXlXn', 1, 'rbooijk', '1996-01-12', 2, 'Female', 'false'),
(726, 'Lenna', 'Auden', 'laudenjl@typepad.com', '39233610617136', 'FYFXCdfcoMm4', 2, 'laudenjl', '1991-10-19', 2, 'Female', 'false'),
(727, 'Dedra', 'Bent', 'dbentjm@loc.gov', '23145700496877', '0QH4sAcgwyc', 2, 'dbentjm', '1995-07-14', 2, 'Female', 'false'),
(728, 'Nisse', 'Grishanov', 'ngrishanovjn@cnn.com', '32053533932373', 'o34Ht8VUi', 2, 'ngrishanovjn', '1994-10-22', 2, 'Female', 'false'),
(729, 'Orlan', 'Ranfield', 'oranfieldjo@si.edu', '54947625521893', 'LPVcTnxp', 3, 'oranfieldjo', '2000-01-11', 2, 'Male', 'false'),
(730, 'Mohammed', 'Skipper', 'mskipperjp@newyorker.com', '70557533431844', 'aW6Vs5Ig', 2, 'mskipperjp', '1992-12-26', 2, 'Male', 'false'),
(731, 'Rania', 'McHenry', 'rmchenryjq@cdbaby.com', '80998792490097', '3Z3C301j3gTk', 3, 'rmchenryjq', '1998-02-14', 2, 'Female', 'false'),
(732, 'Tye', 'Ransom', 'transomjr@quantcast.com', '50970426004392', 'GuEwZvBdUr', 3, 'transomjr', '1997-02-25', 2, 'Male', 'false'),
(733, 'Teddie', 'Sibyllina', 'tsibyllinajs@cam.ac.uk', '55964608719461', 'ccpVUzIu', 3, 'tsibyllinajs', '1996-08-09', 2, 'Female', 'false'),
(734, 'Dell', 'Casacchia', 'dcasacchiajt@google.nl', '87304749507457', '02W4V5cMU', 3, 'dcasacchiajt', '1997-04-22', 2, 'Male', 'false'),
(735, 'Krystle', 'Abbot', 'kabbotju@surveymonkey.com', '98370580746853', 'i9xEPj4ajpP', 3, 'kabbotju', '1997-04-08', 2, 'Female', 'false'),
(736, 'Brittne', 'Beedon', 'bbeedonjv@fastcompany.com', '91978545151965', 'cfXUvw8', 3, 'bbeedonjv', '1993-03-17', 2, 'Female', 'false'),
(737, 'Gabriell', 'Deinhard', 'gdeinhardjw@engadget.com', '57496645159636', 'LmJWtZXmex9H', 3, 'gdeinhardjw', '1996-05-21', 2, 'Female', 'false'),
(738, 'Consolata', 'Robertelli', 'crobertellijx@cafepress.com', '61492535675870', 'msbR5H0Xzt1', 2, 'crobertellijx', '1990-07-12', 2, 'Female', 'false'),
(739, 'Emalee', 'Summersby', 'esummersbyjy@soundcloud.com', '36666572677644', 'KVuMg6NChKd', 1, 'esummersbyjy', '1998-07-25', 2, 'Female', 'false'),
(740, 'Camilla', 'Henbury', 'chenburyjz@xinhuanet.com', '75581597143956', 'jVtPSFRWQEj', 1, 'chenburyjz', '1997-05-08', 2, 'Female', 'false'),
(741, 'Grete', 'Broomhead', 'gbroomheadk0@globo.com', '88993459973905', 'cUlnMh9zf', 1, 'gbroomheadk0', '1995-11-28', 2, 'Female', 'false'),
(742, 'Anatola', 'Batalle', 'abatallek1@mlb.com', '49271887004463', '2LbN72TsP', 2, 'abatallek1', '1993-09-09', 2, 'Female', 'false'),
(743, 'Garner', 'Queyos', 'gqueyosk2@clickbank.net', '52422587453344', 'jA5dlvu2', 1, 'gqueyosk2', '1994-05-14', 2, 'Male', 'false'),
(744, 'Nanette', 'Bulter', 'nbulterk3@blinklist.com', '14268158162084', 'I0vdIOxZ2L8n', 1, 'nbulterk3', '1996-04-22', 2, 'Female', 'false'),
(745, 'Morly', 'Pache', 'mpachek4@simplemachines.org', '80542690158532', 'celhl6Xt4N', 3, 'mpachek4', '1992-10-30', 2, 'Male', 'false');
INSERT INTO `user` (`id`, `firstname`, `lastname`, `email`, `socialnumber`, `password`, `usertypeid`, `username`, `dob`, `addressid`, `gender`, `isdeleted`) VALUES
(746, 'Haroun', 'Brumfield', 'hbrumfieldk5@slashdot.org', '32194456510265', 'o7nMmY', 2, 'hbrumfieldk5', '1994-04-17', 2, 'Male', 'false'),
(747, 'Roth', 'Frowde', 'rfrowdek6@cnet.com', '23756799842063', 'F4Jmqgpv6', 1, 'rfrowdek6', '1996-04-30', 2, 'Male', 'false'),
(748, 'Donalt', 'Gilmour', 'dgilmourk7@yelp.com', '69768064996606', 'U9QC1QP', 2, 'dgilmourk7', '1990-08-08', 2, 'Male', 'false'),
(749, 'Sarine', 'Franz', 'sfranzk8@walmart.com', '40220583417787', 'WQwJnx6Pz4E', 1, 'sfranzk8', '1991-03-27', 2, 'Female', 'false'),
(750, 'Bevan', 'Hagstone', 'bhagstonek9@shareasale.com', '80065548692997', '6vaNHC', 1, 'bhagstonek9', '1991-01-30', 2, 'Male', 'false'),
(751, 'Shelley', 'Bickersteth', 'sbickerstethka@eepurl.com', '40865717908183', 'QLiCLXgn5', 1, 'sbickerstethka', '1990-06-13', 2, 'Male', 'false'),
(752, 'Kalil', 'Cops', 'kcopskb@webs.com', '58370018289082', '2a2kUHPu', 2, 'kcopskb', '1998-05-01', 2, 'Male', 'false'),
(753, 'Harp', 'Gregs', 'hgregskc@mtv.com', '15291025693134', 'MWk6tW8g', 1, 'hgregskc', '1998-02-02', 2, 'Male', 'false'),
(754, 'Sherie', 'Realy', 'srealykd@nbcnews.com', '95989976076763', '55xZTuI4lXU8', 1, 'srealykd', '1994-07-31', 2, 'Female', 'false'),
(755, 'Lauri', 'Ridolfo', 'lridolfoke@cbsnews.com', '35336365933740', '3SuPKw', 1, 'lridolfoke', '1991-06-14', 2, 'Female', 'false'),
(756, 'Henry', 'Paradyce', 'hparadycekf@de.vu', '44998397624075', 'iyr2Aez', 1, 'hparadycekf', '1994-07-25', 2, 'Male', 'false'),
(757, 'Trumann', 'Peskin', 'tpeskinkg@disqus.com', '98449481758139', 'bzYAyeo', 1, 'tpeskinkg', '1998-05-31', 2, 'Male', 'false'),
(758, 'Quinn', 'Brimner', 'qbrimnerkh@163.com', '77438982030608', '0gNWLi', 3, 'qbrimnerkh', '1991-09-23', 2, 'Female', 'false'),
(759, 'Brander', 'McIlharga', 'bmcilhargaki@fda.gov', '84069243711283', 'ts1lo5Kzbv5I', 1, 'bmcilhargaki', '1993-01-19', 2, 'Male', 'false'),
(760, 'Dalton', 'Meriguet', 'dmeriguetkj@npr.org', '12448508527121', 'Ni6NDs4b', 1, 'dmeriguetkj', '1992-07-22', 2, 'Male', 'false'),
(761, 'Alistair', 'Ruddy', 'aruddykk@omniture.com', '18255182726025', 'h65rCntvuJFv', 1, 'aruddykk', '1997-10-03', 2, 'Male', 'false'),
(762, 'Jerrylee', 'Suddock', 'jsuddockkl@yellowbook.com', '74363823164446', '1r4SoJTA6', 3, 'jsuddockkl', '1992-12-08', 2, 'Female', 'false'),
(763, 'Gianina', 'Staries', 'gstarieskm@ucoz.com', '27874670233291', '3Bi60XR1pM0C', 3, 'gstarieskm', '1995-01-13', 2, 'Female', 'false'),
(764, 'Kaycee', 'Schwaiger', 'kschwaigerkn@examiner.com', '58236152749021', '9tQP0AbemrI', 1, 'kschwaigerkn', '1994-12-02', 2, 'Female', 'false'),
(765, 'Marcille', 'Zavattari', 'mzavattariko@yellowpages.com', '31143173777444', 'yptpEcM1s5o', 3, 'mzavattariko', '1996-11-01', 2, 'Female', 'false'),
(766, 'Gallard', 'Iiannone', 'giiannonekp@barnesandnoble.com', '55444356771142', 'WKqoldFnuEF', 1, 'giiannonekp', '1997-10-07', 2, 'Male', 'false'),
(767, 'Nev', 'Billitteri', 'nbillitterikq@wikipedia.org', '57437409307019', '57JlpulVzt', 2, 'nbillitterikq', '1992-05-02', 2, 'Male', 'false'),
(768, 'Joelle', 'Gough', 'jgoughkr@berkeley.edu', '76114664836183', 'm1OGWx', 2, 'jgoughkr', '1994-10-25', 2, 'Female', 'false'),
(769, 'Remington', 'Ceci', 'rceciks@addtoany.com', '68827096467989', 'RTol3oTRuq', 2, 'rceciks', '1995-09-25', 2, 'Male', 'false'),
(770, 'Kynthia', 'Ughini', 'kughinikt@woothemes.com', '69777839749732', 'VcCVN6', 1, 'kughinikt', '1999-10-15', 2, 'Female', 'false'),
(771, 'Brandtr', 'Simnett', 'bsimnettku@vimeo.com', '24587924490545', 'qGuPRAD33eI', 2, 'bsimnettku', '1997-08-16', 2, 'Male', 'false'),
(772, 'Hayley', 'Brewerton', 'hbrewertonkv@prlog.org', '55305685441302', 'Xod286aiym', 1, 'hbrewertonkv', '1993-09-28', 2, 'Female', 'false'),
(773, 'Dina', 'Inold', 'dinoldkw@stumbleupon.com', '33489438996008', 'qgF6qdrfK2', 3, 'dinoldkw', '1990-08-11', 2, 'Female', 'false'),
(774, 'Linnea', 'Skerman', 'lskermankx@discuz.net', '63187981721457', 'TcF9U9ZLZNW', 3, 'lskermankx', '1992-09-30', 2, 'Female', 'false'),
(775, 'Latrena', 'Metzel', 'lmetzelky@facebook.com', '30836796377739', 'CJzOi50EKx', 1, 'lmetzelky', '1994-10-23', 2, 'Female', 'false'),
(776, 'Carson', 'Gladman', 'cgladmankz@dropbox.com', '39866027713036', '1hrRiZ2Y', 3, 'cgladmankz', '1994-02-25', 2, 'Male', 'false'),
(777, 'Fair', 'Prestney', 'fprestneyl0@bigcartel.com', '89957418343332', 'KVj9UJm62', 1, 'fprestneyl0', '1997-03-17', 2, 'Male', 'false'),
(778, 'Fitzgerald', 'Leason', 'fleasonl1@pbs.org', '46178203747305', 'D1NDRcqOawMV', 2, 'fleasonl1', '1990-06-08', 2, 'Male', 'false'),
(779, 'Gordon', 'Cyseley', 'gcyseleyl2@washington.edu', '81311923394035', 'CWIXoNk0tBG', 3, 'gcyseleyl2', '2000-02-25', 2, 'Male', 'false'),
(780, 'Byrom', 'Reyner', 'breynerl3@nymag.com', '33546916643163', '1Sw42U', 3, 'breynerl3', '1998-07-07', 2, 'Male', 'false'),
(781, 'Alaine', 'Carnegie', 'acarnegiel4@java.com', '92470000936442', 'ahqtd8FJi7', 2, 'acarnegiel4', '1991-03-11', 2, 'Female', 'false'),
(782, 'Teodorico', 'Pavlitschek', 'tpavlitschekl5@ovh.net', '44672250119161', '3HUu15NtzL', 2, 'tpavlitschekl5', '1998-01-17', 2, 'Male', 'false'),
(783, 'Lindy', 'Conradie', 'lconradiel6@blogger.com', '83796455475176', '0M7QZQckFCz', 1, 'lconradiel6', '1990-06-28', 2, 'Male', 'false'),
(784, 'Terri', 'Birkby', 'tbirkbyl7@ask.com', '11828526612026', 'aIlWbR', 2, 'tbirkbyl7', '1990-12-27', 2, 'Female', 'false'),
(785, 'Leland', 'Feckey', 'lfeckeyl8@princeton.edu', '56117570939778', 'HDA0clE4CA', 1, 'lfeckeyl8', '1992-02-29', 2, 'Female', 'false'),
(786, 'Guenna', 'Luetkemeyers', 'gluetkemeyersl9@etsy.com', '89784896692139', 'rMbQ03qMc', 1, 'gluetkemeyersl9', '2000-05-09', 2, 'Female', 'false'),
(787, 'Julie', 'Dobrowlski', 'jdobrowlskila@unicef.org', '68889645467500', 'dFWp54vL', 2, 'jdobrowlskila', '1993-02-07', 2, 'Male', 'false'),
(788, 'Murdock', 'Docharty', 'mdochartylb@prnewswire.com', '51269126311941', 'DOXCwAQ', 1, 'mdochartylb', '1994-09-19', 2, 'Male', 'false'),
(789, 'Albrecht', 'McGlue', 'amcgluelc@wordpress.com', '79778549701254', '0u3TIJo21', 2, 'amcgluelc', '1998-11-28', 2, 'Male', 'false'),
(790, 'Karney', 'Glossup', 'kglossupld@wufoo.com', '23697475431001', 'rRy3ndTQlPt', 3, 'kglossupld', '1991-12-11', 2, 'Male', 'false'),
(791, 'Kaylee', 'Bonifacio', 'kbonifaciole@odnoklassniki.ru', '41532309176624', 'ItLy83QM7vFZ', 3, 'kbonifaciole', '1993-10-06', 2, 'Female', 'false'),
(792, 'Alford', 'Shakesbye', 'ashakesbyelf@umn.edu', '80015090309380', '8ghTfOXoB', 1, 'ashakesbyelf', '1992-10-18', 2, 'Male', 'false'),
(793, 'Kerrill', 'Curston', 'kcurstonlg@cafepress.com', '55731131277834', 'JaRDse', 3, 'kcurstonlg', '1995-05-26', 2, 'Female', 'false'),
(794, 'Efrem', 'Prujean', 'eprujeanlh@virginia.edu', '46737431483015', 'fX4ga8ts', 2, 'eprujeanlh', '1995-11-06', 2, 'Male', 'false'),
(795, 'Cherrita', 'Jahns', 'cjahnsli@csmonitor.com', '71903779703071', 'P0XBQvy', 2, 'cjahnsli', '1996-03-13', 2, 'Female', 'false'),
(796, 'Darb', 'Dodgshun', 'ddodgshunlj@vkontakte.ru', '95080326978991', 'Q5ShnehD6hL', 1, 'ddodgshunlj', '1991-06-14', 2, 'Female', 'false'),
(797, 'Clarice', 'Leathes', 'cleatheslk@stanford.edu', '92550299706007', 'uPD7jLEx', 2, 'cleatheslk', '1998-05-25', 2, 'Female', 'false'),
(798, 'Arlen', 'Filpi', 'afilpill@gnu.org', '52593266689030', 'mSNT2elcIu3p', 2, 'afilpill', '1997-11-07', 2, 'Female', 'false'),
(799, 'Priscilla', 'Bourgour', 'pbourgourlm@blogspot.com', '66720231185766', 'T03QdwvOhde', 2, 'pbourgourlm', '1999-07-23', 2, 'Female', 'false'),
(800, 'Amalita', 'Attfield', 'aattfieldln@bravesites.com', '62874282871599', 'YcUXXfjTLTUT', 3, 'aattfieldln', '1994-01-04', 2, 'Female', 'false'),
(801, 'Allistir', 'Proby', 'aprobylo@netscape.com', '98332261048636', 'WP68FH00ou', 1, 'aprobylo', '1990-10-28', 2, 'Male', 'false'),
(802, 'Myrtia', 'Yuille', 'myuillelp@wired.com', '77470981200724', 'VjwmpkNr', 1, 'myuillelp', '1991-12-18', 2, 'Female', 'false'),
(803, 'Marlyn', 'Andrysek', 'mandryseklq@yelp.com', '48342289760383', 'gY6Kdv', 2, 'mandryseklq', '1992-04-12', 2, 'Female', 'false'),
(804, 'Karlee', 'Esom', 'kesomlr@oakley.com', '49262352117657', 'ZXf4D7', 2, 'kesomlr', '1996-06-29', 2, 'Female', 'false'),
(805, 'Essy', 'Estick', 'eestickls@japanpost.jp', '83555917751334', 'HAqlKUz', 1, 'eestickls', '1999-02-15', 2, 'Female', 'false'),
(806, 'Leona', 'Sawfoot', 'lsawfootlt@blogspot.com', '60458217775046', 'BPXcbMzv', 1, 'lsawfootlt', '1991-02-19', 2, 'Female', 'false'),
(807, 'Ari', 'Henrichsen', 'ahenrichsenlu@home.pl', '92666045901452', 'lIrSKsoUpr1', 3, 'ahenrichsenlu', '1995-06-19', 2, 'Male', 'false'),
(808, 'Penelopa', 'Standage', 'pstandagelv@nsw.gov.au', '38097718823724', 'gt7ije', 2, 'pstandagelv', '1996-10-28', 2, 'Female', 'false'),
(809, 'Bearnard', 'Sprason', 'bsprasonlw@fotki.com', '69354097312276', 'f15bb5ut7J', 3, 'bsprasonlw', '1994-03-12', 2, 'Male', 'false'),
(810, 'Hagen', 'Jean', 'hjeanlx@shutterfly.com', '65068394305306', 'olBhmvpZr1Xi', 2, 'hjeanlx', '1998-04-19', 2, 'Male', 'false'),
(811, 'Darrin', 'Narracott', 'dnarracottly@nature.com', '20763972471686', 'PP33BSrje', 2, 'dnarracottly', '1999-05-30', 2, 'Male', 'false'),
(812, 'Kameko', 'Ellingford', 'kellingfordlz@deliciousdays.com', '20475628569497', 'p4hT5fhiI', 3, 'kellingfordlz', '1999-10-08', 2, 'Female', 'false'),
(813, 'Kanya', 'Matusiak', 'kmatusiakm0@meetup.com', '55558054126053', 'ss1B6w', 3, 'kmatusiakm0', '1999-12-22', 2, 'Female', 'false'),
(814, 'Hollie', 'Fewings', 'hfewingsm1@china.com.cn', '65260989188777', 'xRoekB', 3, 'hfewingsm1', '1995-01-19', 2, 'Female', 'false'),
(815, 'Sandra', 'Balfour', 'sbalfourm2@sogou.com', '29195341218851', 'ncid8Msq5BL', 2, 'sbalfourm2', '1991-12-09', 2, 'Female', 'false'),
(816, 'Xever', 'Klimkowski', 'xklimkowskim3@bbb.org', '74942748198997', 'lPzfRK9UXBrp', 3, 'xklimkowskim3', '1991-06-05', 2, 'Male', 'false'),
(817, 'Noelle', 'Bene', 'nbenem4@state.gov', '83464499188963', 'fmK1ok', 3, 'nbenem4', '1998-02-08', 2, 'Female', 'false'),
(818, 'Alison', 'Vasyushkhin', 'avasyushkhinm5@soup.io', '56012771341696', 'KCq72Cd', 1, 'avasyushkhinm5', '1997-10-08', 2, 'Female', 'false'),
(819, 'Isabelita', 'Thwaite', 'ithwaitem6@tamu.edu', '78076771848084', 'gZOhHe0Pq7I6', 1, 'ithwaitem6', '2000-01-27', 2, 'Female', 'false'),
(820, 'Venita', 'Soall', 'vsoallm7@squarespace.com', '49330790666778', 'JMYz02bu8', 2, 'vsoallm7', '1993-11-14', 2, 'Female', 'false'),
(821, 'Tabitha', 'Sinnocke', 'tsinnockem8@sphinn.com', '87666299451500', '78o3XDh', 1, 'tsinnockem8', '1998-11-08', 2, 'Female', 'false'),
(822, 'Morton', 'Naerup', 'mnaerupm9@geocities.jp', '48277641802946', 'VweSFmYIgR7', 2, 'mnaerupm9', '1993-12-13', 2, 'Male', 'false'),
(823, 'Bonnibelle', 'Lysaght', 'blysaghtma@plala.or.jp', '17264904738871', '0g6ZnQwg', 1, 'blysaghtma', '1993-06-22', 2, 'Female', 'false'),
(824, 'Marylou', 'Sherland', 'msherlandmb@php.net', '60506910197681', 'FtPnY1g', 2, 'msherlandmb', '1998-06-12', 2, 'Female', 'false'),
(825, 'Alvin', 'Giannassi', 'agiannassimc@engadget.com', '33083111953571', 'fJIq2z1oShY', 2, 'agiannassimc', '1997-01-23', 2, 'Male', 'false'),
(826, 'Hedvig', 'Gallimore', 'hgallimoremd@hp.com', '89171421795817', 'PcOyGR', 1, 'hgallimoremd', '1999-11-28', 2, 'Female', 'false'),
(827, 'Misha', 'Jankovsky', 'mjankovskyme@howstuffworks.com', '98269520763101', 'wyzzV9IcE5W', 1, 'mjankovskyme', '1996-05-14', 2, 'Female', 'false'),
(828, 'Tremain', 'Whitter', 'twhittermf@gov.uk', '61360284572612', 'vhvelxFd', 3, 'twhittermf', '1998-12-15', 2, 'Male', 'false'),
(829, 'Nesta', 'Keepin', 'nkeepinmg@facebook.com', '93504475073983', 'ZdRqekawClxK', 3, 'nkeepinmg', '1990-07-09', 2, 'Female', 'false'),
(830, 'Wang', 'Boate', 'wboatemh@constantcontact.com', '77284069441229', '8oxHtoNeu', 3, 'wboatemh', '1996-05-14', 2, 'Male', 'false'),
(831, 'Edgar', 'Chadwen', 'echadwenmi@shareasale.com', '30924216237557', 'xDgb8RKur', 1, 'echadwenmi', '1990-08-12', 2, 'Male', 'false'),
(832, 'Barthel', 'Elsy', 'belsymj@deviantart.com', '77194354041074', '93mgyA', 1, 'belsymj', '1996-09-18', 2, 'Male', 'false'),
(833, 'Kiri', 'Muncey', 'kmunceymk@freewebs.com', '27063952066218', 'RLP6ua', 3, 'kmunceymk', '1999-12-23', 2, 'Female', 'false'),
(834, 'Loria', 'Tooley', 'ltooleyml@unicef.org', '56962436571570', 'zvFklRu', 2, 'ltooleyml', '1994-05-07', 2, 'Female', 'false'),
(835, 'Celina', 'Elvin', 'celvinmm@alibaba.com', '83372768686734', 'aAOFbIX', 1, 'celvinmm', '1992-10-15', 2, 'Female', 'false'),
(836, 'Lexis', 'Flye', 'lflyemn@indiatimes.com', '59512630779533', 'pdIuTuz', 3, 'lflyemn', '1993-12-15', 2, 'Female', 'false'),
(837, 'Feliks', 'Duquesnay', 'fduquesnaymo@state.gov', '28915079675621', 'UVWW5S', 1, 'fduquesnaymo', '1991-02-04', 2, 'Male', 'false'),
(838, 'Cammy', 'Fazackerley', 'cfazackerleymp@accuweather.com', '95876552448466', 'L7DiwGb', 1, 'cfazackerleymp', '1994-07-28', 2, 'Female', 'false'),
(839, 'Ginnie', 'Cowling', 'gcowlingmq@china.com.cn', '46832705058185', 'hFLXZbsUPH', 1, 'gcowlingmq', '1995-05-06', 2, 'Female', 'false'),
(840, 'Cammy', 'Zaczek', 'czaczekmr@friendfeed.com', '68291866319572', 'TgbZ9edYW', 3, 'czaczekmr', '1998-02-19', 2, 'Female', 'false'),
(841, 'Shepard', 'Buzine', 'sbuzinems@pagesperso-orange.fr', '33845518558613', 'EfCzllZ7wn1', 2, 'sbuzinems', '1992-07-31', 2, 'Male', 'false'),
(842, 'Hunt', 'Brenneke', 'hbrennekemt@pen.io', '57836584879949', 'GszTuW', 2, 'hbrennekemt', '1995-08-09', 2, 'Male', 'false'),
(843, 'Dionysus', 'Comelli', 'dcomellimu@amazon.co.uk', '48872351955539', 'gtjNYffDg', 3, 'dcomellimu', '1993-12-14', 2, 'Male', 'false'),
(844, 'Selie', 'Wickardt', 'swickardtmv@amazon.co.uk', '41567254472121', 'UMu0BNYHZgsE', 3, 'swickardtmv', '1991-10-23', 2, 'Female', 'false'),
(845, 'Grady', 'Probyn', 'gprobynmw@yellowbook.com', '68832863350977', 'yJ03DrBl5Hi', 2, 'gprobynmw', '1991-02-05', 2, 'Male', 'false'),
(846, 'Elizabeth', 'O\'Bradden', 'eobraddenmx@so-net.ne.jp', '50178426984724', 'crvbIHicAKj5', 3, 'eobraddenmx', '1991-06-27', 2, 'Female', 'false'),
(847, 'Bastien', 'Izat', 'bizatmy@microsoft.com', '62320023998961', 'L7laDzCyYmr', 1, 'bizatmy', '1993-04-21', 2, 'Male', 'false'),
(848, 'Amerigo', 'Comi', 'acomimz@bbc.co.uk', '73805718823725', 'O1Z9a3TKcSgI', 3, 'acomimz', '1999-11-19', 2, 'Male', 'false'),
(849, 'Charo', 'Arne', 'carnen0@jigsy.com', '56732528307784', 'aZztQu', 2, 'carnen0', '1999-08-25', 2, 'Female', 'false'),
(850, 'Lenci', 'Dabinett', 'ldabinettn1@paypal.com', '40384295140288', 'EKfsIC', 1, 'ldabinettn1', '1997-02-13', 2, 'Male', 'false'),
(851, 'Rickard', 'Stogill', 'rstogilln2@360.cn', '63728733929656', 'fSQJWhF6AW0', 1, 'rstogilln2', '1999-07-20', 2, 'Male', 'false'),
(852, 'Bartlett', 'Leisk', 'bleiskn3@goo.gl', '42450048069535', '1VJ3duzve', 3, 'bleiskn3', '1998-03-20', 2, 'Male', 'false'),
(853, 'Marnie', 'Crickmore', 'mcrickmoren4@un.org', '75450546333077', 'fEUKIpYbON', 3, 'mcrickmoren4', '1991-09-21', 2, 'Female', 'false'),
(854, 'Stanton', 'Dooman', 'sdoomann5@bing.com', '77419515429929', 'qs8ZMf0bWw', 3, 'sdoomann5', '1997-12-02', 2, 'Male', 'false'),
(855, 'Roseanne', 'Glazzard', 'rglazzardn6@hexun.com', '65717710289158', '3j1ML9sWlVO9', 3, 'rglazzardn6', '1999-05-12', 2, 'Female', 'false'),
(856, 'Esta', 'Leather', 'eleathern7@npr.org', '84806556809994', 'FUn8SEWIC', 3, 'eleathern7', '1998-08-25', 2, 'Female', 'false'),
(857, 'Desmond', 'Windaybank', 'dwindaybankn8@redcross.org', '48853978215879', 'X2fCcvekv1d', 3, 'dwindaybankn8', '1999-04-22', 2, 'Male', 'false'),
(858, 'Urson', 'Dignum', 'udignumn9@constantcontact.com', '76839226230797', 'slKAv8', 3, 'udignumn9', '1993-01-29', 2, 'Male', 'false'),
(859, 'Hardy', 'MacCook', 'hmaccookna@howstuffworks.com', '71640608148245', 'HLGWsEfRy8uw', 2, 'hmaccookna', '1996-10-04', 2, 'Male', 'false'),
(860, 'Margaretta', 'Ludye', 'mludyenb@purevolume.com', '38475609071854', 'jqu7K8OG3', 3, 'mludyenb', '1994-03-28', 2, 'Female', 'false'),
(861, 'Kissie', 'Mulcock', 'kmulcocknc@skype.com', '42519273202164', '5caqNSzm', 2, 'kmulcocknc', '1990-10-17', 2, 'Female', 'false'),
(862, 'Jennilee', 'Willavoys', 'jwillavoysnd@usda.gov', '28229343883425', 'uWjrpLOCO', 3, 'jwillavoysnd', '1994-10-08', 2, 'Female', 'false'),
(863, 'Debora', 'Rosenblatt', 'drosenblattne@boston.com', '42516732914819', '6rIOyhVp2', 3, 'drosenblattne', '1992-10-18', 2, 'Female', 'false'),
(864, 'Stormy', 'Fauning', 'sfauningnf@apple.com', '42856583953177', 'Ebg7QL6z', 2, 'sfauningnf', '1993-06-22', 2, 'Female', 'false'),
(865, 'Rora', 'Gainfort', 'rgainfortng@joomla.org', '47097532187189', 'JOGLUnAA', 2, 'rgainfortng', '1992-01-27', 2, 'Female', 'false'),
(866, 'Chrisse', 'Di Nisco', 'cdinisconh@engadget.com', '26256193617443', '1Ibuci', 2, 'cdinisconh', '1994-01-17', 2, 'Male', 'false'),
(867, 'Edithe', 'Kohn', 'ekohnni@sciencedirect.com', '43580806919486', '8gydH4', 2, 'ekohnni', '1994-11-13', 2, 'Female', 'false'),
(868, 'Emmery', 'Ducaen', 'educaennj@mozilla.com', '96318844373824', 'HnPaBZ8x', 3, 'educaennj', '1992-07-27', 2, 'Male', 'false'),
(869, 'Davie', 'Foggarty', 'dfoggartynk@independent.co.uk', '45993484998449', 'j8J10CJcK0SD', 3, 'dfoggartynk', '1999-12-19', 2, 'Male', 'false'),
(870, 'Barbra', 'Spriddle', 'bspriddlenl@rediff.com', '85810311878823', 'e9bjyD0', 3, 'bspriddlenl', '1998-10-09', 2, 'Female', 'false'),
(871, 'Keelia', 'Isbell', 'kisbellnm@cpanel.net', '10855609048356', 'iceQ0lLD', 1, 'kisbellnm', '1991-06-11', 2, 'Female', 'false'),
(872, 'Myrwyn', 'Crosse', 'mcrossenn@liveinternet.ru', '87250570207292', 'DCZfZuv', 3, 'mcrossenn', '1992-08-18', 2, 'Male', 'false'),
(873, 'Lauritz', 'Mehaffey', 'lmehaffeyno@smugmug.com', '19078179098261', 'VL6eZsG0cz', 2, 'lmehaffeyno', '1990-05-24', 2, 'Male', 'false'),
(874, 'Cathee', 'Radcliffe', 'cradcliffenp@reuters.com', '83875634553531', 'jnqQiZaOXTM', 1, 'cradcliffenp', '1998-01-29', 2, 'Female', 'false'),
(875, 'Sancho', 'Roseaman', 'sroseamannq@newyorker.com', '74655965534470', 'ALMQ4S', 2, 'sroseamannq', '1996-08-22', 2, 'Male', 'false'),
(876, 'Adrian', 'Wyllt', 'awylltnr@blogger.com', '49207522296157', 'OkkExbc', 3, 'awylltnr', '1993-01-11', 2, 'Male', 'false'),
(877, 'Nanice', 'Bacher', 'nbacherns@archive.org', '91017126301613', 'pjZMleXzE', 1, 'nbacherns', '1998-01-07', 2, 'Female', 'false'),
(878, 'Bram', 'Pettendrich', 'bpettendrichnt@odnoklassniki.ru', '37719543313815', 'wPuazWR', 3, 'bpettendrichnt', '1997-01-03', 2, 'Male', 'false'),
(879, 'Eldon', 'Ainscough', 'eainscoughnu@netlog.com', '95418246578629', 'hivZIp8o', 3, 'eainscoughnu', '1998-01-15', 2, 'Male', 'false'),
(880, 'Lavinie', 'Noor', 'lnoornv@moonfruit.com', '23749130498860', 'bEgH2puNt', 1, 'lnoornv', '1996-04-18', 2, 'Female', 'false'),
(881, 'Les', 'Kleynen', 'lkleynennw@hugedomains.com', '10137497981034', 'mCHJlx', 2, 'lkleynennw', '1990-11-16', 2, 'Male', 'false'),
(882, 'Carmela', 'Abberley', 'cabberleynx@jugem.jp', '69095685530592', '5nDu9Ut', 3, 'cabberleynx', '1994-04-20', 2, 'Female', 'false'),
(883, 'Karly', 'McLardie', 'kmclardieny@howstuffworks.com', '24210837873327', 'kmkMkNUk4JDS', 2, 'kmclardieny', '1999-07-02', 2, 'Female', 'false'),
(884, 'Irma', 'Carnow', 'icarnownz@cdc.gov', '51606338610874', 'b9h1brwKq', 1, 'icarnownz', '2000-05-06', 2, 'Female', 'false'),
(885, 'Derry', 'Gorling', 'dgorlingo0@ovh.net', '18266954654477', 's3pb0OIsBs', 3, 'dgorlingo0', '1999-09-08', 2, 'Male', 'false'),
(886, 'Grady', 'O\'Hagerty', 'gohagertyo1@jiathis.com', '99806310208299', 'osSVWIZob', 3, 'gohagertyo1', '1995-04-15', 2, 'Male', 'false'),
(887, 'Johann', 'Pidgley', 'jpidgleyo2@npr.org', '86320154694192', 'JTHtVs61', 2, 'jpidgleyo2', '1993-01-24', 2, 'Male', 'false'),
(888, 'Cobb', 'Bodman', 'cbodmano3@cdbaby.com', '24042314344375', 'ysGQQY', 1, 'cbodmano3', '1993-01-06', 2, 'Male', 'false'),
(889, 'Merissa', 'Devaney', 'mdevaneyo4@nps.gov', '47119800925701', '6sFxHr', 2, 'mdevaneyo4', '1999-10-22', 2, 'Female', 'false'),
(890, 'Ailene', 'Gauford', 'agaufordo5@furl.net', '47806224392539', '9TplhpiE', 3, 'agaufordo5', '1998-07-16', 2, 'Female', 'false'),
(891, 'Harald', 'Norley', 'hnorleyo6@tiny.cc', '32467600325378', 'D6w6v7z', 3, 'hnorleyo6', '1994-03-02', 2, 'Male', 'false'),
(892, 'Milo', 'Eitter', 'meittero7@php.net', '11048318268245', 'jo7QiD4fza', 3, 'meittero7', '1999-07-26', 2, 'Male', 'false'),
(893, 'Spenser', 'Pittaway', 'spittawayo8@unesco.org', '99398533262247', 'JbD7VtlHp', 1, 'spittawayo8', '1996-10-06', 2, 'Male', 'false'),
(894, 'Pavel', 'Werrilow', 'pwerrilowo9@histats.com', '80761099537775', 'qU7nn0bCXfYq', 2, 'pwerrilowo9', '1990-06-11', 2, 'Male', 'false'),
(895, 'Zea', 'Pike', 'zpikeoa@bbb.org', '19840671436609', 'jU7Fakpp', 1, 'zpikeoa', '1990-09-10', 2, 'Female', 'false'),
(896, 'Temp', 'Sarfas', 'tsarfasob@reference.com', '58666959346914', 'm2XHwR', 1, 'tsarfasob', '1994-05-26', 2, 'Male', 'false'),
(897, 'Lissy', 'Sellers', 'lsellersoc@gmpg.org', '86611982396759', 'kPbTuvQmjDZ', 1, 'lsellersoc', '1991-07-31', 2, 'Female', 'false'),
(898, 'Kip', 'Rumney', 'krumneyod@opera.com', '50006772644368', '3wwrjLU', 1, 'krumneyod', '1993-07-06', 2, 'Male', 'false'),
(899, 'Kevyn', 'Atherton', 'kathertonoe@engadget.com', '70905930329719', 'LcaOY0yd0pq', 1, 'kathertonoe', '1993-10-23', 2, 'Female', 'false'),
(900, 'Evelyn', 'Timmes', 'etimmesof@rakuten.co.jp', '75319373462188', 'bLtcdV', 1, 'etimmesof', '1991-04-12', 2, 'Male', 'false'),
(901, 'Ede', 'Lott', 'elottog@sbwire.com', '89312271838999', 'ncfR22HNOFtK', 2, 'elottog', '1996-02-08', 2, 'Female', 'false'),
(902, 'Romeo', 'Franzettoini', 'rfranzettoinioh@ftc.gov', '32978564618842', 'zaaCqLEd4', 2, 'rfranzettoinioh', '1997-01-15', 2, 'Male', 'false'),
(903, 'Ethelred', 'Cabbell', 'ecabbelloi@alibaba.com', '81663498333202', 'EAaeoXdk', 1, 'ecabbelloi', '1995-07-28', 2, 'Male', 'false'),
(904, 'Lay', 'Durtnal', 'ldurtnaloj@comcast.net', '78252867246803', 'Ue2TYd7xE', 2, 'ldurtnaloj', '1997-11-17', 2, 'Male', 'false'),
(905, 'Garret', 'Mewton', 'gmewtonok@bloglines.com', '98038215323214', 'T5SSywiR1zRG', 1, 'gmewtonok', '1991-02-01', 2, 'Male', 'false'),
(906, 'Rahal', 'Hurley', 'rhurleyol@mapquest.com', '71857232048318', '2Xl2qC5MtV', 2, 'rhurleyol', '1999-06-04', 2, 'Female', 'false'),
(907, 'Anna', 'Snap', 'asnapom@deliciousdays.com', '33047738696023', 'hD4gmR', 2, 'asnapom', '1991-07-25', 2, 'Female', 'false'),
(908, 'Leia', 'Conkie', 'lconkieon@ustream.tv', '20143296456473', 'Qrhv0q', 3, 'lconkieon', '1993-12-28', 2, 'Female', 'false'),
(909, 'Tedie', 'Hexam', 'thexamoo@wikispaces.com', '28897486121436', 'HZ8a26MiZ133', 1, 'thexamoo', '1998-10-22', 2, 'Male', 'false'),
(910, 'Whitaker', 'Domel', 'wdomelop@samsung.com', '28861120873806', 'ooXj61c3TrR', 3, 'wdomelop', '1999-06-26', 2, 'Male', 'false'),
(911, 'Paule', 'Harnell', 'pharnelloq@pen.io', '74589654836347', 'E59HGzxNHO5', 2, 'pharnelloq', '1995-03-05', 2, 'Female', 'false'),
(912, 'Coralyn', 'Cogley', 'ccogleyor@sbwire.com', '85925615701403', 'nopxgfjywza', 1, 'ccogleyor', '1991-08-13', 2, 'Female', 'false'),
(913, 'Trumaine', 'Masedon', 'tmasedonos@cdc.gov', '65521896196997', 'sdJt87uN', 2, 'tmasedonos', '1991-11-30', 2, 'Male', 'false'),
(914, 'Marquita', 'Wortley', 'mwortleyot@slideshare.net', '36550031030499', '6LMEmBEmUkL', 1, 'mwortleyot', '1991-08-01', 2, 'Female', 'false'),
(915, 'Thorsten', 'Armour', 'tarmourou@utexas.edu', '17012777406162', 'zQqTyxjZAfZ', 1, 'tarmourou', '1997-07-14', 2, 'Male', 'false'),
(916, 'Roldan', 'Insall', 'rinsallov@weibo.com', '40913262258300', 'Sbtywotht', 3, 'rinsallov', '1999-03-04', 2, 'Male', 'false'),
(917, 'Ev', 'Southam', 'esouthamow@soup.io', '92373427458615', 'qOCkAz72wqSy', 3, 'esouthamow', '2000-01-08', 2, 'Male', 'false'),
(918, 'Bat', 'Korneluk', 'bkornelukox@w3.org', '14684460494567', 'geW2ewhO9', 1, 'bkornelukox', '1995-12-16', 2, 'Male', 'false'),
(919, 'Hebert', 'Dominy', 'hdominyoy@nydailynews.com', '11599587765086', '3PYulvfT', 1, 'hdominyoy', '1991-11-24', 2, 'Male', 'false'),
(920, 'Georges', 'Middlemist', 'gmiddlemistoz@istockphoto.com', '59878080350799', 'BkitZb', 3, 'gmiddlemistoz', '1993-09-12', 2, 'Male', 'false'),
(921, 'Esme', 'Klimowicz', 'eklimowiczp0@disqus.com', '52603730562898', 'MiikA9CwnpK', 3, 'eklimowiczp0', '1992-08-24', 2, 'Male', 'false'),
(922, 'Ermina', 'Setchell', 'esetchellp1@buzzfeed.com', '80732245148462', '0WxL1Zc9j8', 1, 'esetchellp1', '1998-01-12', 2, 'Female', 'false'),
(923, 'Ronni', 'McGourty', 'rmcgourtyp2@github.io', '75009844959923', 'IXyqw57D4r', 2, 'rmcgourtyp2', '1992-01-03', 2, 'Female', 'false'),
(924, 'Evelyn', 'Danaher', 'edanaherp3@pbs.org', '34405043342004', 'a2DmNkWB8hm', 2, 'edanaherp3', '1997-05-01', 2, 'Male', 'false'),
(925, 'Wayne', 'Serrell', 'wserrellp4@posterous.com', '41530377632445', 'QQCH3Wtp', 1, 'wserrellp4', '1994-05-01', 2, 'Male', 'false'),
(926, 'Bond', 'Mouan', 'bmouanp5@google.de', '22086216269443', '2tnPTb7', 1, 'bmouanp5', '1991-05-01', 2, 'Male', 'false'),
(927, 'Giordano', 'Senechault', 'gsenechaultp6@nifty.com', '38923371825021', 'yaFXW8v6c', 2, 'gsenechaultp6', '1994-11-24', 2, 'Male', 'false'),
(928, 'Odilia', 'Meighan', 'omeighanp7@fda.gov', '52957761634658', 'n2N0jm9K', 3, 'omeighanp7', '2000-04-17', 2, 'Female', 'false'),
(929, 'Malissa', 'Dufaur', 'mdufaurp8@redcross.org', '25270298022521', '37Fmuo0O', 1, 'mdufaurp8', '1998-09-06', 2, 'Female', 'false'),
(930, 'Emmalee', 'Dinnington', 'edinningtonp9@themeforest.net', '83382311966423', 'co5mlIIjHtE', 1, 'edinningtonp9', '1994-10-28', 2, 'Female', 'false'),
(931, 'Devlen', 'Biggs', 'dbiggspa@google.co.uk', '20830006027401', 'xTlXSBp', 1, 'dbiggspa', '1998-01-18', 2, 'Male', 'false'),
(932, 'Francklyn', 'Pedro', 'fpedropb@printfriendly.com', '53751837671684', 'bY43mSl', 2, 'fpedropb', '1994-04-06', 2, 'Male', 'false'),
(933, 'Hilarius', 'Mogg', 'hmoggpc@si.edu', '90355363283035', 'YQqBzlxQtCC4', 1, 'hmoggpc', '1996-09-20', 2, 'Male', 'false'),
(934, 'Dareen', 'Germaine', 'dgermainepd@cloudflare.com', '71219433946624', '8fUuH5lN', 2, 'dgermainepd', '1995-02-18', 2, 'Female', 'false'),
(935, 'Allie', 'Soffe', 'asoffepe@bloglovin.com', '98690333995991', 'MuuNYm', 3, 'asoffepe', '1997-04-07', 2, 'Male', 'false'),
(936, 'Mandi', 'Heathfield', 'mheathfieldpf@netlog.com', '60312014749205', '1BJoTBOqdX', 3, 'mheathfieldpf', '2000-01-24', 2, 'Female', 'false'),
(937, 'Lon', 'Lambrick', 'llambrickpg@wiley.com', '29675137875650', 'hxQJkFz804J', 2, 'llambrickpg', '1997-03-27', 2, 'Male', 'false'),
(938, 'Nichole', 'Tresvina', 'ntresvinaph@cisco.com', '75560198498818', 'TolOYWexlT', 1, 'ntresvinaph', '1999-12-04', 2, 'Female', 'false'),
(939, 'Fernanda', 'Ropartz', 'fropartzpi@state.tx.us', '14154684595120', '5Saxmy', 2, 'fropartzpi', '1991-05-26', 2, 'Female', 'false'),
(940, 'Amalee', 'Dobel', 'adobelpj@nbcnews.com', '60235165274826', 'jlV89CB46', 3, 'adobelpj', '1991-09-10', 2, 'Female', 'false'),
(941, 'Helenka', 'Phair', 'hphairpk@bizjournals.com', '20766190521485', 'FcXHMU', 3, 'hphairpk', '1992-08-30', 2, 'Female', 'false'),
(942, 'Benjy', 'Gorch', 'bgorchpl@reuters.com', '51022123636117', 'STJAoeWBZ', 3, 'bgorchpl', '2000-04-03', 2, 'Male', 'false'),
(943, 'Freddy', 'Pawlett', 'fpawlettpm@meetup.com', '53571367621577', 'IVJGJA7J76W', 2, 'fpawlettpm', '1995-12-22', 2, 'Female', 'false'),
(944, 'Shena', 'Baszkiewicz', 'sbaszkiewiczpn@timesonline.co.uk', '86138853317478', 'XznTFU2AAgn', 2, 'sbaszkiewiczpn', '1996-08-02', 2, 'Female', 'false'),
(945, 'Temp', 'Markham', 'tmarkhampo@vk.com', '72191403372099', 'rKI8nIa7ghX', 2, 'tmarkhampo', '1997-09-12', 2, 'Male', 'false'),
(946, 'Boonie', 'Browse', 'bbrowsepp@trellian.com', '12250059973425', 'EEA4cXygPqRb', 2, 'bbrowsepp', '1996-06-02', 2, 'Male', 'false'),
(947, 'Chickie', 'Ivchenko', 'civchenkopq@utexas.edu', '54258387008405', 'YxwF9E', 2, 'civchenkopq', '1991-09-08', 2, 'Female', 'false'),
(948, 'Manfred', 'Ruggier', 'mruggierpr@washingtonpost.com', '43931347382070', 'ZYyYG5OHkovi', 3, 'mruggierpr', '1995-12-24', 2, 'Male', 'false'),
(949, 'Shannon', 'MacAree', 'smacareeps@marketwatch.com', '22660945107863', 'eWFTZIc9', 3, 'smacareeps', '1992-10-16', 2, 'Male', 'false'),
(950, 'Patty', 'Pendergast', 'ppendergastpt@wordpress.org', '67474988559639', 'DGzOnZPQzae', 1, 'ppendergastpt', '1995-07-05', 2, 'Male', 'false'),
(951, 'Jacquelyn', 'De La Haye', 'jdelahayepu@stanford.edu', '55853839822697', 'sSfdO9wuf', 1, 'jdelahayepu', '1992-06-14', 2, 'Female', 'false'),
(952, 'Freddi', 'Haines', 'fhainespv@ezinearticles.com', '71099509848951', 'djIa3PI', 2, 'fhainespv', '1999-08-29', 2, 'Female', 'false'),
(953, 'Farly', 'Fourmy', 'ffourmypw@theglobeandmail.com', '49578437638512', '2qb7MD', 1, 'ffourmypw', '1991-12-12', 2, 'Male', 'false'),
(954, 'Suzette', 'Ketton', 'skettonpx@elpais.com', '48101444355119', 'D1FDqdxAn', 2, 'skettonpx', '1994-09-14', 2, 'Female', 'false'),
(955, 'Scottie', 'Bunford', 'sbunfordpy@reference.com', '43505948598634', '042F0qHcrj', 3, 'sbunfordpy', '1995-11-05', 2, 'Male', 'false'),
(956, 'Corri', 'Torres', 'ctorrespz@kickstarter.com', '45666275098495', 'adMDfxnk', 1, 'ctorrespz', '1994-11-11', 2, 'Female', 'false'),
(957, 'Nehemiah', 'Birckmann', 'nbirckmannq0@digg.com', '72543160863039', '4K0G10zJaMt', 1, 'nbirckmannq0', '1993-12-13', 2, 'Male', 'false'),
(958, 'Alessandra', 'Prodrick', 'aprodrickq1@si.edu', '81380455115490', 'AG1NECzh', 3, 'aprodrickq1', '1992-07-28', 2, 'Female', 'false'),
(959, 'Pepillo', 'Gunter', 'pgunterq2@salon.com', '66711149796995', 'LExQQb', 1, 'pgunterq2', '1997-06-09', 2, 'Male', 'false'),
(960, 'Geordie', 'Vearncomb', 'gvearncombq3@google.co.jp', '41883954877461', '8atbCupuwC', 3, 'gvearncombq3', '1997-11-12', 2, 'Male', 'false'),
(961, 'Toiboid', 'Conaboy', 'tconaboyq4@latimes.com', '11829569861220', 'tw2vBNTz', 3, 'tconaboyq4', '1999-12-17', 2, 'Male', 'false'),
(962, 'Rosy', 'Brookes', 'rbrookesq5@indiatimes.com', '37914564265484', '9kcNeWxOQGuS', 2, 'rbrookesq5', '1993-04-01', 2, 'Female', 'false'),
(963, 'Inesita', 'Lantoph', 'ilantophq6@g.co', '40256628882477', 'KGTfaYx', 3, 'ilantophq6', '1999-08-17', 2, 'Female', 'false'),
(964, 'Robinet', 'Twycross', 'rtwycrossq7@craigslist.org', '29765786633793', '06z7BKbFg', 1, 'rtwycrossq7', '1996-07-08', 2, 'Female', 'false'),
(965, 'Ally', 'Sneddon', 'asneddonq8@pbs.org', '16374984025699', 'C9Ur7e2f', 3, 'asneddonq8', '1994-11-27', 2, 'Female', 'false'),
(966, 'Claiborne', 'Titcomb', 'ctitcombq9@reverbnation.com', '51835197256006', 'BSjJAxlWbis', 2, 'ctitcombq9', '1997-06-29', 2, 'Male', 'false'),
(967, 'Risa', 'Whitley', 'rwhitleyqa@pinterest.com', '57816729872834', '1BWlaxYLs', 2, 'rwhitleyqa', '1994-06-22', 2, 'Female', 'false'),
(968, 'Dietrich', 'Aisman', 'daismanqb@buzzfeed.com', '74880630328113', 'NszWVs5ocU', 2, 'daismanqb', '1995-06-26', 2, 'Male', 'false'),
(969, 'Laurens', 'Greed', 'lgreedqc@aol.com', '62597342004229', 'LRhvLZ3Uzfa', 2, 'lgreedqc', '1993-09-10', 2, 'Male', 'false'),
(970, 'Ezra', 'Quinnelly', 'equinnellyqd@bing.com', '43636141087008', 'kl35zNEn', 1, 'equinnellyqd', '1991-11-18', 2, 'Male', 'false'),
(971, 'Lacey', 'Meachan', 'lmeachanqe@dmoz.org', '34226066016187', 'pWon4rNm', 2, 'lmeachanqe', '1993-07-22', 2, 'Female', 'false'),
(972, 'Arturo', 'Soigoux', 'asoigouxqf@google.com.hk', '41903404338031', 'c1Q5Ad5', 2, 'asoigouxqf', '1999-09-23', 2, 'Male', 'false'),
(973, 'Jolyn', 'Gullefant', 'jgullefantqg@go.com', '36485658172902', '15LwMYNJ4S', 2, 'jgullefantqg', '1992-05-09', 2, 'Female', 'false'),
(974, 'Dorolisa', 'Noyes', 'dnoyesqh@reference.com', '13117644695171', 'njD2eCc', 3, 'dnoyesqh', '1999-07-13', 2, 'Female', 'false'),
(975, 'Syman', 'Chesney', 'schesneyqi@vistaprint.com', '41111807782987', 'ZEM3MyG', 3, 'schesneyqi', '1995-08-03', 2, 'Male', 'false'),
(976, 'Barney', 'Phillot', 'bphillotqj@webnode.com', '42251792506691', 'Go7484K9XH', 3, 'bphillotqj', '1996-03-02', 2, 'Male', 'false'),
(977, 'Dougy', 'Okill', 'dokillqk@patch.com', '82182551067034', 'B8vnbF9jE86Q', 1, 'dokillqk', '1991-12-05', 2, 'Male', 'false'),
(978, 'Ricki', 'Greson', 'rgresonql@twitter.com', '67656106068982', 'FhlRh91GWm', 2, 'rgresonql', '1998-12-18', 2, 'Male', 'false'),
(979, 'Wallace', 'Yashanov', 'wyashanovqm@bloglines.com', '30222233704110', 'dmphQsU', 1, 'wyashanovqm', '1998-11-29', 2, 'Male', 'false'),
(980, 'Lammond', 'Dodamead', 'ldodameadqn@gmpg.org', '32079804147446', '1tCusfHAMQaz', 2, 'ldodameadqn', '1998-08-18', 2, 'Male', 'false'),
(981, 'Aldo', 'Popworth', 'apopworthqo@icq.com', '51784349795225', 'jlK29YI', 2, 'apopworthqo', '1995-05-10', 2, 'Male', 'false'),
(982, 'Bevin', 'Jumonet', 'bjumonetqp@statcounter.com', '40264032641006', 'lHICJlvs', 1, 'bjumonetqp', '1995-03-20', 2, 'Male', 'false'),
(983, 'Nikita', 'Jancso', 'njancsoqq@i2i.jp', '89592863738783', 'YcSQLX', 2, 'njancsoqq', '1998-03-27', 2, 'Male', 'false'),
(984, 'Kellsie', 'Graine', 'kgraineqr@wired.com', '89302956482417', '3Q4UOkAiLP', 3, 'kgraineqr', '1990-12-26', 2, 'Female', 'false'),
(985, 'Godwin', 'Anglish', 'ganglishqs@princeton.edu', '79574016923036', 'jKg6qP8O1', 1, 'ganglishqs', '1993-02-09', 2, 'Male', 'false'),
(986, 'Rivkah', 'Cooney', 'rcooneyqt@sbwire.com', '29692442018047', 'okOJRkPTbJ', 2, 'rcooneyqt', '1996-11-15', 2, 'Female', 'false'),
(987, 'Viva', 'Hyett', 'vhyettqu@alibaba.com', '83123960079085', '6ZyUsK', 2, 'vhyettqu', '1992-07-22', 2, 'Female', 'false'),
(988, 'Adorne', 'Hadgkiss', 'ahadgkissqv@wikia.com', '80764156155955', 'loLZnhSi', 2, 'ahadgkissqv', '1990-08-11', 2, 'Female', 'false'),
(989, 'Larisa', 'Slayny', 'lslaynyqw@dedecms.com', '14395247530986', 'c9fArP', 2, 'lslaynyqw', '1992-02-13', 2, 'Female', 'false'),
(990, 'Paul', 'Domengue', 'pdomengueqx@infoseek.co.jp', '81543566773407', 'ldxYAdB0zC4M', 1, 'pdomengueqx', '1992-09-23', 2, 'Male', 'false'),
(991, 'Krishna', 'Eliasen', 'keliasenqy@time.com', '41647266761691', 'WPGvPn', 2, 'keliasenqy', '1999-12-24', 2, 'Male', 'false'),
(992, 'Monroe', 'Mochar', 'mmocharqz@mysql.com', '39492695220221', 'csZ5hOmf', 1, 'mmocharqz', '1998-07-29', 2, 'Male', 'false'),
(993, 'Adaline', 'Bee', 'abeer0@earthlink.net', '50190582419063', 'j05ZKz2b4', 1, 'abeer0', '1999-02-11', 2, 'Female', 'false'),
(994, 'Falito', 'Jonin', 'fjoninr1@ycombinator.com', '41069541521908', 't4A79NAfw', 2, 'fjoninr1', '1997-04-28', 2, 'Male', 'false'),
(995, 'Nani', 'Seignior', 'nseigniorr2@furl.net', '90443102402853', 'yj7Mre', 3, 'nseigniorr2', '1998-12-09', 2, 'Female', 'false'),
(996, 'Thane', 'Bardell', 'tbardellr3@topsy.com', '53105561689878', 'mjlydOQS', 2, 'tbardellr3', '1996-08-06', 2, 'Male', 'false'),
(997, 'Ediva', 'Mackstead', 'emacksteadr4@jiathis.com', '10331856933290', 'oO9F0SXqIbRw', 2, 'emacksteadr4', '1993-01-16', 2, 'Female', 'false'),
(998, 'Branden', 'Tann', 'btannr5@aol.com', '20085496605614', '7Zjo4z3TsNEZ', 1, 'btannr5', '1999-06-05', 2, 'Male', 'false'),
(999, 'Kris', 'Nyland', 'knylandr6@wordpress.org', '32136830846090', 'zmgXMy', 1, 'knylandr6', '1998-11-04', 2, 'Male', 'false'),
(1000, 'Thaxter', 'Shanahan', 'tshanahanr7@uol.com.br', '40305598056272', '5ugDYOnWK0', 1, 'tshanahanr7', '1993-12-11', 2, 'Male', 'false'),
(1001, 'Georgena', 'Grigson', 'ggrigsonr8@ted.com', '76413759258504', 'oMjYAdEoE4t1', 3, 'ggrigsonr8', '2000-01-17', 2, 'Female', 'false'),
(1002, 'Bruis', 'Woodhead', 'bwoodheadr9@over-blog.com', '96840740323763', 'wKO9tpV', 3, 'bwoodheadr9', '1996-02-03', 2, 'Male', 'false'),
(1003, 'Llewellyn', 'Beverstock', 'lbeverstockra@sakura.ne.jp', '91562789283240', 'HjJDb33N', 2, 'lbeverstockra', '1992-12-01', 2, 'Male', 'false'),
(1004, 'Benoit', 'Silverman', 'bsilvermanrb@mac.com', '14259634005225', 'QIgRRKQOQLce', 1, 'bsilvermanrb', '1993-02-03', 2, 'Male', 'false'),
(1005, 'Ruthann', 'Manners', 'rmannersrc@newyorker.com', '97637772356875', 'toA76ccvWi', 3, 'rmannersrc', '1991-12-22', 2, 'Female', 'false'),
(1006, 'Talya', 'Humpherson', 'thumphersonrd@dion.ne.jp', '86546361520420', 'EEDNgd8E5j', 3, 'thumphersonrd', '1990-06-15', 2, 'Female', 'false'),
(1007, 'Danika', 'Elcy', 'delcyre@histats.com', '65639983649736', '6LV6kEqn', 1, 'delcyre', '1994-08-16', 2, 'Female', 'false'),
(1008, 'Berkly', 'Allsebrook', 'ballsebrookrf@printfriendly.com', '66029376029406', 'QKOBIIN', 2, 'ballsebrookrf', '1999-03-05', 2, 'Male', 'false'),
(1009, 'Rozalin', 'Archell', 'rarchellrg@wunderground.com', '23371470500871', 'e8FAjqGVC', 1, 'rarchellrg', '1999-09-19', 2, 'Female', 'false'),
(1010, 'Scottie', 'Ghidetti', 'sghidettirh@jiathis.com', '75673554805500', 'FN6mqp', 1, 'sghidettirh', '1997-02-24', 2, 'Male', 'false'),
(1011, 'Stanley', 'Wavish', 'swavishri@pinterest.com', '94373909510506', 'l8CguuPx', 3, 'swavishri', '1995-02-05', 2, 'Male', 'false'),
(1012, 'Yuma', 'Rowlings', 'yrowlingsrj@linkedin.com', '17586716536834', 'zREA0GJ08VT', 3, 'yrowlingsrj', '1992-05-29', 2, 'Male', 'false'),
(1013, 'West', 'Adamczewski', 'wadamczewskirk@unc.edu', '78192670373176', 'OhqsxQkQW6', 2, 'wadamczewskirk', '1997-09-23', 2, 'Male', 'false'),
(1014, 'Petra', 'Hirjak', 'phirjakrl@discuz.net', '60393275839788', 'tYRuJ7U', 3, 'phirjakrl', '1994-01-02', 2, 'Female', 'false'),
(1015, 'Humfrid', 'Gingedale', 'hgingedalerm@purevolume.com', '40519542287604', 'wAs9fp', 1, 'hgingedalerm', '1998-11-13', 2, 'Male', 'false'),
(1016, 'Constanta', 'Tolussi', 'ctolussirn@gizmodo.com', '21185995929345', 'fshKhIWjTO', 3, 'ctolussirn', '1996-03-10', 2, 'Female', 'false'),
(1017, 'Dewie', 'Dundon', 'ddundonro@multiply.com', '41945145625437', 'ITQG7iA', 3, 'ddundonro', '1998-01-03', 2, 'Male', 'false'),
(1018, 'Avis', 'MacNeice', 'amacneicerp@vkontakte.ru', '88391166666073', 'JhDSm4YBwv4', 1, 'amacneicerp', '1997-08-04', 2, 'Female', 'false'),
(1019, 'Darcie', 'Itshak', 'ditshakrq@china.com.cn', '49829936675793', 'YQHrRNsKrsE', 1, 'ditshakrq', '1994-04-18', 2, 'Female', 'false'),
(1020, 'Sherye', 'Hairyes', 'shairyesrr@pcworld.com', '31365723501295', 'Rk8v2ZsJlns', 3, 'shairyesrr', '1992-12-17', 2, 'Female', 'false');

-- --------------------------------------------------------

--
-- Table structure for table `useroptions`
--

DROP TABLE IF EXISTS `useroptions`;
CREATE TABLE IF NOT EXISTS `useroptions` (
  `id` int(30) NOT NULL AUTO_INCREMENT,
  `name` varchar(100) NOT NULL,
  `type` varchar(100) NOT NULL,
  `isdeleted` varchar(255) NOT NULL DEFAULT 'false',
  PRIMARY KEY (`id`)
) ENGINE=InnoDB DEFAULT CHARSET=latin1;

-- --------------------------------------------------------

--
-- Table structure for table `useropvalue`
--

DROP TABLE IF EXISTS `useropvalue`;
CREATE TABLE IF NOT EXISTS `useropvalue` (
  `id` int(30) NOT NULL AUTO_INCREMENT,
  `userTyOpId` int(30) NOT NULL,
  `userId` int(30) NOT NULL,
  `value` varchar(255) NOT NULL,
  `isdeleted` varchar(255) NOT NULL DEFAULT 'false',
  PRIMARY KEY (`id`),
  KEY `userTyOpId` (`userTyOpId`),
  KEY `userId` (`userId`)
) ENGINE=InnoDB DEFAULT CHARSET=latin1;

-- --------------------------------------------------------

--
-- Table structure for table `usertype`
--

DROP TABLE IF EXISTS `usertype`;
CREATE TABLE IF NOT EXISTS `usertype` (
  `id` int(255) NOT NULL AUTO_INCREMENT,
  `type` varchar(255) NOT NULL,
  `isdeleted` varchar(255) NOT NULL DEFAULT 'false',
  PRIMARY KEY (`id`)
) ENGINE=InnoDB AUTO_INCREMENT=19 DEFAULT CHARSET=latin1;

--
-- Dumping data for table `usertype`
--

INSERT INTO `usertype` (`id`, `type`, `isdeleted`) VALUES
(1, 'Admin', 'false'),
(2, 'Patient', 'false'),
(3, 'Doctor', 'false'),
(10, 'Receptionist', 'false'),
(12, 'Diseased', 'true'),
(14, 'test', 'true'),
(18, 'Singleton', 'true');

-- --------------------------------------------------------

--
-- Table structure for table `usertypelinks`
--

DROP TABLE IF EXISTS `usertypelinks`;
CREATE TABLE IF NOT EXISTS `usertypelinks` (
  `id` int(255) NOT NULL AUTO_INCREMENT,
  `typeid` int(255) NOT NULL,
  `linkid` int(255) NOT NULL,
  `isdeleted` varchar(255) NOT NULL DEFAULT 'false',
  PRIMARY KEY (`id`),
  KEY `LID` (`linkid`),
  KEY `TID` (`typeid`)
) ENGINE=InnoDB AUTO_INCREMENT=15 DEFAULT CHARSET=latin1;

--
-- Dumping data for table `usertypelinks`
--

INSERT INTO `usertypelinks` (`id`, `typeid`, `linkid`, `isdeleted`) VALUES
(1, 2, 1, 'false'),
(2, 1, 2, 'true'),
(4, 10, 1, 'false'),
(8, 12, 1, 'false'),
(11, 3, 3, 'false'),
(12, 14, 3, 'false'),
(14, 10, 5, 'false');

-- --------------------------------------------------------

--
-- Table structure for table `usertypeoptions`
--

DROP TABLE IF EXISTS `usertypeoptions`;
CREATE TABLE IF NOT EXISTS `usertypeoptions` (
  `id` int(30) NOT NULL AUTO_INCREMENT,
  `userTypeId` int(30) NOT NULL,
  `optionsId` int(30) NOT NULL,
  `isdeleted` varchar(255) NOT NULL DEFAULT 'false',
  PRIMARY KEY (`id`),
  KEY `optionsId` (`optionsId`),
  KEY `userTypeId` (`userTypeId`)
) ENGINE=InnoDB DEFAULT CHARSET=latin1;

--
-- Constraints for dumped tables
--

--
-- Constraints for table `address`
--
ALTER TABLE `address`
  ADD CONSTRAINT `address_ibfk_1` FOREIGN KEY (`pid`) REFERENCES `address` (`id`) ON DELETE CASCADE ON UPDATE CASCADE;

--
-- Constraints for table `invoice`
--
ALTER TABLE `invoice`
  ADD CONSTRAINT `invoice_ibfk_1` FOREIGN KEY (`uid`) REFERENCES `user` (`id`) ON DELETE CASCADE ON UPDATE CASCADE,
  ADD CONSTRAINT `invoice_ibfk_2` FOREIGN KEY (`radid`) REFERENCES `radiology` (`ID`) ON DELETE CASCADE ON UPDATE CASCADE;

--
-- Constraints for table `notification`
--
ALTER TABLE `notification`
  ADD CONSTRAINT `notification_ibfk_1` FOREIGN KEY (`SenderID`) REFERENCES `user` (`id`) ON DELETE CASCADE ON UPDATE CASCADE;

--
-- Constraints for table `patientreport`
--
ALTER TABLE `patientreport`
  ADD CONSTRAINT `patientreport_ibfk_1` FOREIGN KEY (`docid`) REFERENCES `user` (`id`) ON DELETE CASCADE ON UPDATE CASCADE,
  ADD CONSTRAINT `patientreport_ibfk_2` FOREIGN KEY (`patid`) REFERENCES `user` (`id`) ON DELETE CASCADE ON UPDATE CASCADE,
  ADD CONSTRAINT `patientreport_ibfk_3` FOREIGN KEY (`radid`) REFERENCES `radiology` (`ID`) ON DELETE CASCADE ON UPDATE CASCADE;

--
-- Constraints for table `recievednoti`
--
ALTER TABLE `recievednoti`
  ADD CONSTRAINT `recievednoti_ibfk_1` FOREIGN KEY (`nid`) REFERENCES `notification` (`id`) ON DELETE CASCADE ON UPDATE CASCADE,
  ADD CONSTRAINT `recievednoti_ibfk_2` FOREIGN KEY (`recieverID`) REFERENCES `user` (`id`) ON DELETE CASCADE ON UPDATE CASCADE;

--
-- Constraints for table `reservationdetails`
--
ALTER TABLE `reservationdetails`
  ADD CONSTRAINT `reservationdetails_ibfk_1` FOREIGN KEY (`ReserveID`) REFERENCES `reserve` (`ID`) ON DELETE CASCADE ON UPDATE CASCADE,
  ADD CONSTRAINT `reservationdetails_ibfk_2` FOREIGN KEY (`RadiologyID`) REFERENCES `radiology` (`ID`) ON DELETE CASCADE ON UPDATE CASCADE;

--
-- Constraints for table `reserve`
--
ALTER TABLE `reserve`
  ADD CONSTRAINT `reserve_ibfk_1` FOREIGN KEY (`PatientID`) REFERENCES `user` (`id`) ON DELETE CASCADE ON UPDATE CASCADE,
  ADD CONSTRAINT `reserve_ibfk_2` FOREIGN KEY (`DoctorID`) REFERENCES `user` (`id`) ON DELETE CASCADE ON UPDATE CASCADE;

--
-- Constraints for table `schedule`
--
ALTER TABLE `schedule`
  ADD CONSTRAINT `schedule_ibfk_1` FOREIGN KEY (`DocId`) REFERENCES `user` (`id`) ON DELETE CASCADE ON UPDATE CASCADE;

--
-- Constraints for table `user`
--
ALTER TABLE `user`
  ADD CONSTRAINT `user_ibfk_1` FOREIGN KEY (`addressid`) REFERENCES `address` (`id`) ON DELETE CASCADE ON UPDATE CASCADE,
  ADD CONSTRAINT `user_ibfk_2` FOREIGN KEY (`usertypeid`) REFERENCES `usertype` (`id`) ON DELETE CASCADE ON UPDATE CASCADE;

--
-- Constraints for table `useropvalue`
--
ALTER TABLE `useropvalue`
  ADD CONSTRAINT `useropvalue_ibfk_1` FOREIGN KEY (`userTyOpId`) REFERENCES `usertypeoptions` (`id`) ON DELETE CASCADE ON UPDATE CASCADE,
  ADD CONSTRAINT `useropvalue_ibfk_2` FOREIGN KEY (`userId`) REFERENCES `user` (`id`) ON DELETE CASCADE ON UPDATE CASCADE;

--
-- Constraints for table `usertypelinks`
--
ALTER TABLE `usertypelinks`
  ADD CONSTRAINT `usertypelinks_ibfk_1` FOREIGN KEY (`linkid`) REFERENCES `links` (`id`) ON DELETE CASCADE ON UPDATE CASCADE,
  ADD CONSTRAINT `usertypelinks_ibfk_2` FOREIGN KEY (`typeid`) REFERENCES `usertype` (`id`) ON DELETE CASCADE ON UPDATE CASCADE;

--
-- Constraints for table `usertypeoptions`
--
ALTER TABLE `usertypeoptions`
  ADD CONSTRAINT `usertypeoptions_ibfk_1` FOREIGN KEY (`userTypeId`) REFERENCES `usertype` (`id`) ON DELETE CASCADE ON UPDATE CASCADE,
  ADD CONSTRAINT `usertypeoptions_ibfk_2` FOREIGN KEY (`optionsId`) REFERENCES `useroptions` (`id`) ON DELETE CASCADE ON UPDATE CASCADE;
COMMIT;

/*!40101 SET CHARACTER_SET_CLIENT=@OLD_CHARACTER_SET_CLIENT */;
/*!40101 SET CHARACTER_SET_RESULTS=@OLD_CHARACTER_SET_RESULTS */;
/*!40101 SET COLLATION_CONNECTION=@OLD_COLLATION_CONNECTION */;
